国連による世界地理区分,国名,地域名,ヒジャブの出現率,解説,地域ID,地図番号,地図の範囲,地域統計（宗教人口比率）,全国参考値（宗教人口比率・2020年）,服装の根拠,出典ID,出典URL
北アフリカ,エジプト,全域（住民の生活圏）,高い,ナイル川沿い・デルタの生活圏が中心。全国のムスリム女性への2010年調査で、いつも62%、大抵21%が頭を覆うと回答。,EGY-all,001,国・地域全体,地域別数値は未取得,95.2%,服装調査あり（地図の各範囲を直接測定したものではない）,PEW2025; PEW_DRESS2010,https://www.pewresearch.org/wp-content/uploads/sites/20/2025/06/PR_2025.06.09_global-religious-change_appendix-b.pdf; https://www.pewresearch.org/wp-content/uploads/sites/4/legacy-pdf/Muslim-American-Report-10-02-12-fix.pdf
北アフリカ,アルジェリア,全域（住民の生活圏）,やや高い,北部の地中海沿岸に人口が集中。宗教人口は多いが、着用率を同じ数字とはみなさない。,DZA-all,002,国・地域全体,地域別数値は未取得,98.4%,宗教人口・地域分布からの弱い定性推定／着用率未取得,PEW2025,https://www.pewresearch.org/wp-content/uploads/sites/20/2025/06/PR_2025.06.09_global-religious-change_appendix-b.pdf
北アフリカ,モロッコ,全域（住民の生活圏）,やや高い,北部・西部の都市や農村が主な生活圏。頭を覆わない女性も多く、都市・観光地と集落で差がある。,MAR-all,003,国・地域全体,地域別数値は未取得,99.7%,宗教人口・地域分布からの弱い定性推定／着用率未取得,PEW2025,https://www.pewresearch.org/wp-content/uploads/sites/20/2025/06/PR_2025.06.09_global-religious-change_appendix-b.pdf
北アフリカ,チュニジア,全域（住民の生活圏）,やや高い,北部・東部沿岸の生活圏。ムスリム人口の多さだけで「高い」とは判定しない。,TUN-all,004,国・地域全体,地域別数値は未取得,99.3%,宗教人口・地域分布からの弱い定性推定／着用率未取得,PEW2025,https://www.pewresearch.org/wp-content/uploads/sites/20/2025/06/PR_2025.06.09_global-religious-change_appendix-b.pdf
北アフリカ,リビア,全域（住民の生活圏）,高い,北部の地中海沿岸の生活圏を主に想定。広大な南部砂漠の塗色は人口密度を表さない。,LBY-all,005,国・地域全体,地域別数値は未取得,99.0%,宗教人口・地域分布からの弱い定性推定／着用率未取得,PEW2025; IRF-LBY,https://www.pewresearch.org/wp-content/uploads/sites/20/2025/06/PR_2025.06.09_global-religious-change_appendix-b.pdf; https://2021-2025.state.gov/reports/2023-report-on-international-religious-freedom/libya/
北アフリカ,スーダン,全域（住民の生活圏）,高い,ナイル川沿い、北部・東部・西部のムスリム生活圏。避難・人口移動が大きく、資料年と撮影年に注意。,SDN-all,006,国・地域全体,地域別数値は未取得,98.9%,宗教人口・地域分布からの弱い定性推定／着用率未取得,PEW2025,https://www.pewresearch.org/wp-content/uploads/sites/20/2025/06/PR_2025.06.09_global-religious-change_appendix-b.pdf
北アフリカ,西サハラ,全域（住民の生活圏）,やや高い,西サハラの住民生活圏。頭を覆うメルハファ等との混同があるため、ヒジャブ単独については保守的な評価。帰属係争があり地図は境界を確定するものではない。,ESH-all,007,国・地域全体,地域別数値は未取得,99.6%,宗教人口・地域分布からの弱い定性推定／着用率未取得,PEW2025,https://www.pewresearch.org/wp-content/uploads/sites/20/2025/06/PR_2025.06.09_global-religious-change_appendix-b.pdf
西アフリカ,モーリタニア,全域（住民の生活圏）,やや高い,北西アフリカの大西洋岸から内陸。メルハファなど地域衣装との混同があるため、ヒジャブ単独については保守的な評価。,MRT-all,008,国・地域全体,地域別数値は未取得,99.2%,宗教人口・地域分布からの弱い定性推定／着用率未取得,PEW2025; IRF-MRT,https://www.pewresearch.org/wp-content/uploads/sites/20/2025/06/PR_2025.06.09_global-religious-change_appendix-b.pdf; https://2021-2025.state.gov/reports/2023-report-on-international-religious-freedom/mauritania/
西アフリカ,セネガル,全域（住民の生活圏）,やや高い,西端のダカールを含む広い生活圏。首を覆わない頭巻きや未着用もあり、宗教人口比率から着用率を決めない。,SEN-all,009,国・地域全体,地域別数値は未取得,97.6%,宗教人口・地域分布からの弱い定性推定／着用率未取得,PEW2025,https://www.pewresearch.org/wp-content/uploads/sites/20/2025/06/PR_2025.06.09_global-religious-change_appendix-b.pdf
西アフリカ,ガンビア,全域（住民の生活圏）,やや高い,セネガルに囲まれた細長い国の全域。頭巻きとの見分けが必要。,GMB-all,010,国・地域全体,地域別数値は未取得,97.0%,宗教人口・地域分布からの弱い定性推定／着用率未取得,PEW2025,https://www.pewresearch.org/wp-content/uploads/sites/20/2025/06/PR_2025.06.09_global-religious-change_appendix-b.pdf
西アフリカ,ニジェール,全域（住民の生活圏）,やや高い,住民の多い南部、ナイジェリア国境沿いが中心。北部砂漠の面積と遭遇機会は比例しない。,NER-all,011,国・地域全体,地域別数値は未取得,98.1%,宗教人口・地域分布からの弱い定性推定／着用率未取得,PEW2025,https://www.pewresearch.org/wp-content/uploads/sites/20/2025/06/PR_2025.06.09_global-religious-change_appendix-b.pdf
西アフリカ,マリ共和国,全域（住民の生活圏）,やや高い,南西部のバマコ周辺からニジェール川沿い、北部の町。地域衣装の頭布も多く、一律の着用率はない。,MLI-all,012,国・地域全体,地域別数値は未取得,94.1%,宗教人口・地域分布からの弱い定性推定／着用率未取得,PEW2025,https://www.pewresearch.org/wp-content/uploads/sites/20/2025/06/PR_2025.06.09_global-religious-change_appendix-b.pdf
西アフリカ,ブルキナファソ,全域（住民の生活圏）,やや高い,特に北部・東部、首都のムスリム生活圏。伝統的な頭巻きを含めて判定しない。,BFA-all,013,国・地域全体,地域別数値は未取得,67.4%,宗教人口・地域分布からの弱い定性推定／着用率未取得,PEW2025,https://www.pewresearch.org/wp-content/uploads/sites/20/2025/06/PR_2025.06.09_global-religious-change_appendix-b.pdf
西アフリカ,ギニア,北部・中部・西部（南東部の森林地帯を除く）,やや高い,北部・中部・海岸部のムスリム生活圏。南東部の森林地域は宗教構成が異なる。,GIN-north,014,緯度経度で囲った概略,地域別数値は未取得,86.8%,宗教人口・地域分布からの弱い定性推定／着用率未取得,PEW2025; IRF-GIN,https://www.pewresearch.org/wp-content/uploads/sites/20/2025/06/PR_2025.06.09_global-religious-change_appendix-b.pdf; https://2021-2025.state.gov/reports/2023-report-on-international-religious-freedom/guinea/
西アフリカ,ギニアビサウ,北東部・東部（セネガル／ギニア国境寄り）,やや高い,内陸のムスリム居住地域を学習用に大きく囲った範囲。沿岸全体の着用率を示さない。,GNB-interior,015,緯度経度で囲った概略,地域別数値は未取得,56.0%,宗教人口・地域分布からの弱い定性推定／着用率未取得,PEW2025; IRF-GNB,https://www.pewresearch.org/wp-content/uploads/sites/20/2025/06/PR_2025.06.09_global-religious-change_appendix-b.pdf; https://2021-2025.state.gov/reports/2023-report-on-international-religious-freedom/guinea-bissau/
西アフリカ,シエラレオネ,全域（住民の生活圏）,やや高い,北部・東部を含むムスリム生活圏。宗教が混在し、一般的な頭巻きも見られる。,SLE-all,016,国・地域全体,地域別数値は未取得,80.1%,宗教人口・地域分布からの弱い定性推定／着用率未取得,PEW2025,https://www.pewresearch.org/wp-content/uploads/sites/20/2025/06/PR_2025.06.09_global-religious-change_appendix-b.pdf
西アフリカ,コートジボワール,北部（マリ・ブルキナファソ国境寄り）,やや高い,北部にムスリム人口が多い。南部にも居住しているので北部に限定できる手掛かりではない。,CIV-north,017,緯度経度で囲った概略,地域別数値は未取得,46.3%,宗教人口・地域分布からの弱い定性推定／着用率未取得,PEW2025; IRF-CIV,https://www.pewresearch.org/wp-content/uploads/sites/20/2025/06/PR_2025.06.09_global-religious-change_appendix-b.pdf; https://2021-2025.state.gov/reports/2023-report-on-international-religious-freedom/cote-divoire/
西アフリカ,コートジボワール,南部アビジャンの一部,やや高い,都市内のムスリム居住地区で見られる可能性がある。点は位置の目印で、市全域の着用率や居住範囲を表さない。,CIV-abidjan,018,位置の目印（面積を持たない）,地域別数値は未取得,46.3%,宗教人口・地域分布からの弱い定性推定／着用率未取得,PEW2025; IRF-CIV,https://www.pewresearch.org/wp-content/uploads/sites/20/2025/06/PR_2025.06.09_global-religious-change_appendix-b.pdf; https://2021-2025.state.gov/reports/2023-report-on-international-religious-freedom/cote-divoire/
西アフリカ,ガーナ,北部（タマレ周辺とその北）,やや高い,北部のムスリム生活圏。北部全域が同じ宗教・服装ではない。,GHA-north,019,緯度経度で囲った概略,地域別数値は未取得,19.9%,宗教人口・地域分布からの弱い定性推定／着用率未取得,PEW2025; IRF-GHA,https://www.pewresearch.org/wp-content/uploads/sites/20/2025/06/PR_2025.06.09_global-religious-change_appendix-b.pdf; https://2021-2025.state.gov/reports/2023-report-on-international-religious-freedom/ghana/
西アフリカ,ガーナ,南部アクラのゾンゴ地区など,やや高い,都市内のムスリム居住地区で見られる可能性がある。点は位置の目印で、市全域の着用率や居住範囲を表さない。,GHA-accra,020,位置の目印（面積を持たない）,地域別数値は未取得,19.9%,宗教人口・地域分布からの弱い定性推定／着用率未取得,PEW2025; IRF-GHA,https://www.pewresearch.org/wp-content/uploads/sites/20/2025/06/PR_2025.06.09_global-religious-change_appendix-b.pdf; https://2021-2025.state.gov/reports/2023-report-on-international-religious-freedom/ghana/
西アフリカ,トーゴ,北部（ブルキナファソ国境寄り）,やや高い,北部のムスリム生活圏を大まかに示す。宗教の混在と一般の頭巻きに注意。,TGO-north,021,緯度経度で囲った概略,地域別数値は未取得,16.1%,宗教人口・地域分布からの弱い定性推定／着用率未取得,PEW2025; IRF-TGO,https://www.pewresearch.org/wp-content/uploads/sites/20/2025/06/PR_2025.06.09_global-religious-change_appendix-b.pdf; https://2021-2025.state.gov/reports/2023-report-on-international-religious-freedom/togo/
西アフリカ,ベナン,北部・北東部（ニジェール／ナイジェリア国境寄り）,やや高い,ムスリム人口の多い北部・北東部をまとめたもの。各県内にも宗教の混在がある。,BEN-north,022,行政区を束ねた概略,地域別数値は未取得,31.4%,宗教人口・地域分布からの弱い定性推定／着用率未取得,PEW2025; IRF-BEN,https://www.pewresearch.org/wp-content/uploads/sites/20/2025/06/PR_2025.06.09_global-religious-change_appendix-b.pdf; https://2021-2025.state.gov/reports/2023-report-on-international-religious-freedom/benin/
西アフリカ,ナイジェリア,北部（北西部と北東部の中心域）,高い,北西部・北東部ではイスラム教が優勢。2010年の全国ムスリム女性調査では、いつも53%、大抵16%が頭を覆う。北部全住民がムスリムという意味ではない。,NGA-north,023,行政区を束ねた概略,地域別数値は未取得,56.1%,服装調査あり（地図の各範囲を直接測定したものではない）,PEW2025; IRF-NGA; PEW_DRESS2010,https://www.pewresearch.org/wp-content/uploads/sites/20/2025/06/PR_2025.06.09_global-religious-change_appendix-b.pdf; https://2021-2025.state.gov/reports/2023-report-on-international-religious-freedom/nigeria/; https://www.pewresearch.org/wp-content/uploads/sites/4/legacy-pdf/Muslim-American-Report-10-02-12-fix.pdf
西アフリカ,ナイジェリア,中北部・北東部南縁（アブジャ周辺など）,やや高い,キリスト教・イスラム教が混在する移行帯。カドゥナ州の北部と南部にも差がある。,NGA-transition,024,行政区を束ねた概略,地域別数値は未取得,56.1%,服装調査あり（地図の各範囲を直接測定したものではない）,PEW2025; IRF-NGA; PEW_DRESS2010,https://www.pewresearch.org/wp-content/uploads/sites/20/2025/06/PR_2025.06.09_global-religious-change_appendix-b.pdf; https://2021-2025.state.gov/reports/2023-report-on-international-religious-freedom/nigeria/; https://www.pewresearch.org/wp-content/uploads/sites/4/legacy-pdf/Muslim-American-Report-10-02-12-fix.pdf
西アフリカ,ナイジェリア,南西部（ラゴス・イバダン周辺）,やや高い,南西部にもムスリムが多く住む。ヒジャブを見て直ちに北部と決めない。,NGA-southwest,025,行政区を束ねた概略,地域別数値は未取得,56.1%,服装調査あり（地図の各範囲を直接測定したものではない）,PEW2025; IRF-NGA; PEW_DRESS2010,https://www.pewresearch.org/wp-content/uploads/sites/20/2025/06/PR_2025.06.09_global-religious-change_appendix-b.pdf; https://2021-2025.state.gov/reports/2023-report-on-international-religious-freedom/nigeria/; https://www.pewresearch.org/wp-content/uploads/sites/4/legacy-pdf/Muslim-American-Report-10-02-12-fix.pdf
中部アフリカ,チャド,北部・中部（首都ンジャメナを含む）,やや高い,イスラム教人口が多い北部・中部。南部にはキリスト教・伝統宗教の人口が多い。,TCD-north,026,緯度経度で囲った概略,地域別数値は未取得,56.4%,宗教人口・地域分布からの弱い定性推定／着用率未取得,PEW2025; IRF-TCD,https://www.pewresearch.org/wp-content/uploads/sites/20/2025/06/PR_2025.06.09_global-religious-change_appendix-b.pdf; https://2021-2025.state.gov/reports/2023-report-on-international-religious-freedom/chad/
中部アフリカ,カメルーン,北部の細長い部分（ナイジェリア／チャド寄り）,やや高い,北部にムスリム人口が集中するが一様ではない。南部の熱帯都市も完全な除外はできない。,CMR-north,027,緯度経度で囲った概略,地域別数値は未取得,25.2%,宗教人口・地域分布からの弱い定性推定／着用率未取得,PEW2025; IRF-CMR,https://www.pewresearch.org/wp-content/uploads/sites/20/2025/06/PR_2025.06.09_global-religious-change_appendix-b.pdf; https://2021-2025.state.gov/reports/2023-report-on-international-religious-freedom/cameroon/
東アフリカ,ソマリア,全域（住民の生活圏）,高い,東アフリカの角の住民生活圏。ソマリランドを含めた地理的表示。長い覆い・ジルバブ・顔の覆いを伴うこともある。,SOM-all,028,国・地域全体,地域別数値は未取得,99.8%,服装の質的資料あり／地域の率は未取得,PEW2025; SOM_DRESS,https://www.pewresearch.org/wp-content/uploads/sites/20/2025/06/PR_2025.06.09_global-religious-change_appendix-b.pdf; https://www.hrw.org/reports/2010/04/13/harsh-war-harsh-peace
東アフリカ,ジブチ,全域（住民の生活圏）,高い,紅海入口の小国。ソマリ系・アファル系の生活圏で頭を覆う服装が見られる。数値は宗教人口で、着用率の全国実測値は未取得。,DJI-all,029,国・地域全体,地域別数値は未取得,97.7%,宗教人口・地域分布からの弱い定性推定／着用率未取得,PEW2025; IRF-DJI,https://www.pewresearch.org/wp-content/uploads/sites/20/2025/06/PR_2025.06.09_global-religious-change_appendix-b.pdf; https://2021-2025.state.gov/reports/2023-report-on-international-religious-freedom/djibouti/
東アフリカ,エリトリア,西部の低地と紅海沿岸,やや高い,ムスリム人口は低地・沿岸に多い。中央のアスマラ周辺の高地を除いた大まかな行政地域。県内にも高地や宗教の混在がある。,ERI-lowlands,030,行政区を束ねた概略,地域別数値は未取得,51.7%,宗教人口・地域分布からの弱い定性推定／着用率未取得,PEW2025,https://www.pewresearch.org/wp-content/uploads/sites/20/2025/06/PR_2025.06.09_global-religious-change_appendix-b.pdf
東アフリカ,エチオピア,東部（ソマリア国境寄り）,高い,ソマリ州のムスリム生活圏。全国平均をこの地域の率として使わない。,ETH-east,031,行政区を束ねた概略,地域別数値は未取得,36.2%,宗教人口・地域分布からの弱い定性推定／着用率未取得,PEW2025; IRF-ETH,https://www.pewresearch.org/wp-content/uploads/sites/20/2025/06/PR_2025.06.09_global-religious-change_appendix-b.pdf; https://2021-2025.state.gov/reports/2023-report-on-international-religious-freedom/ethiopia/
東アフリカ,エチオピア,北東部（ジブチ・エリトリア国境寄りの低地）,やや高い,アファル低地のムスリム生活圏。高原側のキリスト教徒の頭布との混同に注意。,ETH-northeast,032,行政区を束ねた概略,地域別数値は未取得,36.2%,宗教人口・地域分布からの弱い定性推定／着用率未取得,PEW2025; IRF-ETH,https://www.pewresearch.org/wp-content/uploads/sites/20/2025/06/PR_2025.06.09_global-religious-change_appendix-b.pdf; https://2021-2025.state.gov/reports/2023-report-on-international-religious-freedom/ethiopia/
東アフリカ,エチオピア,東中部・南東部（ハラール周辺から南へ）,やや高い,ハラール周辺とオロミア州東部・南東部の一部。長方形を国境で切った概略で、宗教境界ではない。,ETH-southeast,033,緯度経度で囲った概略,地域別数値は未取得,36.2%,宗教人口・地域分布からの弱い定性推定／着用率未取得,PEW2025; IRF-ETH,https://www.pewresearch.org/wp-content/uploads/sites/20/2025/06/PR_2025.06.09_global-religious-change_appendix-b.pdf; https://2021-2025.state.gov/reports/2023-report-on-international-religious-freedom/ethiopia/
東アフリカ,ケニア,北東部（ソマリア国境沿い）,高い,ムスリムが多いソマリア国境側。旧州境を使った大まかな表示。,KEN-northeast,034,行政区を束ねた概略,地域別数値は未取得,10.9%,宗教人口・地域分布からの弱い定性推定／着用率未取得,PEW2025; IRF-KEN,https://www.pewresearch.org/wp-content/uploads/sites/20/2025/06/PR_2025.06.09_global-religious-change_appendix-b.pdf; https://2021-2025.state.gov/reports/2023-report-on-international-religious-freedom/kenya/
東アフリカ,ケニア,南東部の海岸（モンバサ～ラム）,やや高い,スワヒリ海岸のムスリム生活圏。海岸州の内陸すべてに同じ傾向があるとは限らない。,KEN-coast,035,緯度経度で囲った概略,地域別数値は未取得,10.9%,宗教人口・地域分布からの弱い定性推定／着用率未取得,PEW2025; IRF-KEN,https://www.pewresearch.org/wp-content/uploads/sites/20/2025/06/PR_2025.06.09_global-religious-change_appendix-b.pdf; https://2021-2025.state.gov/reports/2023-report-on-international-religious-freedom/kenya/
東アフリカ,ケニア,中南部ナイロビ東部の一部,やや高い,都市内のムスリム居住地区で見られる可能性がある。点は位置の目印で、市全域の着用率や居住範囲を表さない。,KEN-nairobi,036,位置の目印（面積を持たない）,地域別数値は未取得,10.9%,宗教人口・地域分布からの弱い定性推定／着用率未取得,PEW2025; IRF-KEN,https://www.pewresearch.org/wp-content/uploads/sites/20/2025/06/PR_2025.06.09_global-religious-change_appendix-b.pdf; https://2021-2025.state.gov/reports/2023-report-on-international-religious-freedom/kenya/
東アフリカ,タンザニア,東部沖の島々（ザンジバル・ペンバ）,高い,ザンジバルはムスリム約99%との推計。沿岸本土と区別して覚える。,TZA-zanzibar,037,行政区を束ねた概略,Zanzibar: 99.00% (2023年),29.9%,宗教人口・地域分布からの弱い定性推定／着用率未取得,IRF-TZA; PEW2025,https://2021-2025.state.gov/reports/2023-report-on-international-religious-freedom/tanzania/; https://www.pewresearch.org/wp-content/uploads/sites/20/2025/06/PR_2025.06.09_global-religious-change_appendix-b.pdf
東アフリカ,タンザニア,東部の海岸（ダルエスサラーム周辺）,やや高い,本土のインド洋沿岸にムスリム生活圏が続く。州の内陸は混在する。,TZA-coast,038,行政区を束ねた概略,地域別数値は未取得,29.9%,宗教人口・地域分布からの弱い定性推定／着用率未取得,PEW2025; IRF-TZA,https://www.pewresearch.org/wp-content/uploads/sites/20/2025/06/PR_2025.06.09_global-religious-change_appendix-b.pdf; https://2021-2025.state.gov/reports/2023-report-on-international-religious-freedom/tanzania/
東アフリカ,モザンビーク,北部（タンザニア国境・北東海岸）,やや高い,北部のムスリム人口が多い地域。宗教分布と一般的な頭巻きは分ける。,MOZ-north,039,行政区を束ねた概略,地域別数値は未取得,19.4%,宗教人口・地域分布からの弱い定性推定／着用率未取得,PEW2025; IRF-MOZ,https://www.pewresearch.org/wp-content/uploads/sites/20/2025/06/PR_2025.06.09_global-religious-change_appendix-b.pdf; https://2021-2025.state.gov/reports/2023-report-on-international-religious-freedom/mozambique/
東アフリカ,マラウイ,南部（マラウイ湖の南端周辺）,やや高い,マンゴチ・マチンガなど南部のムスリム生活圏。湖全周や国全域を意味しない。,MWI-south,040,緯度経度で囲った概略,地域別数値は未取得,11.6%,宗教人口・地域分布からの弱い定性推定／着用率未取得,PEW2025; IRF-MWI,https://www.pewresearch.org/wp-content/uploads/sites/20/2025/06/PR_2025.06.09_global-religious-change_appendix-b.pdf; https://2021-2025.state.gov/reports/2023-report-on-international-religious-freedom/malawi/
東アフリカ,ウガンダ,南部カンパラの一部,やや高い,都市内のムスリム居住地区で見られる可能性がある。点は位置の目印で、市全域の着用率や居住範囲を表さない。,UGA-kampala,041,位置の目印（面積を持たない）,地域別数値は未取得,11.4%,宗教人口・地域分布からの弱い定性推定／着用率未取得,PEW2025; IRF-UGA,https://www.pewresearch.org/wp-content/uploads/sites/20/2025/06/PR_2025.06.09_global-religious-change_appendix-b.pdf; https://2021-2025.state.gov/reports/2023-report-on-international-religious-freedom/uganda/
東アフリカ,コモロ,全域（住民の生活圏）,やや高い,インド洋のコモロ諸島。頭を覆うシロマニなど地域衣装もあり、一般のヒジャブと形が異なる。,COM-all,042,国・地域全体,地域別数値は未取得,98.3%,宗教人口・地域分布からの弱い定性推定／着用率未取得,PEW2025,https://www.pewresearch.org/wp-content/uploads/sites/20/2025/06/PR_2025.06.09_global-religious-change_appendix-b.pdf
東アフリカ,マヨット（フランス）,マヨット島（アフリカ東岸沖）,やや高い,国連M49では東アフリカの独立した統計地域。フランス本土の傾向と混同しない。頭布の形に注意。,MYT-island,043,緯度経度で囲った概略,地域別数値は未取得,98.8%,宗教人口・地域分布からの弱い定性推定／着用率未取得,PEW2025,https://www.pewresearch.org/wp-content/uploads/sites/20/2025/06/PR_2025.06.09_global-religious-change_appendix-b.pdf
東アフリカ,モーリシャス,北西部ポートルイスの一部,やや高い,都市内のムスリム居住地区で見られる可能性がある。点は位置の目印で、市全域の着用率や居住範囲を表さない。,MUS-port-louis,044,位置の目印（面積を持たない）,地域別数値は未取得,17.5%,宗教人口・地域分布からの弱い定性推定／着用率未取得,PEW2025,https://www.pewresearch.org/wp-content/uploads/sites/20/2025/06/PR_2025.06.09_global-religious-change_appendix-b.pdf
東アフリカ,マダガスカル,北西部マハジャンガの一部,やや高い,都市内のムスリム居住地区で見られる可能性がある。点は位置の目印で、市全域の着用率や居住範囲を表さない。,MDG-mahajanga,045,位置の目印（面積を持たない）,地域別数値は未取得,1.2%,宗教人口・地域分布からの弱い定性推定／着用率未取得,PEW2025; IRF-MDG,https://www.pewresearch.org/wp-content/uploads/sites/20/2025/06/PR_2025.06.09_global-religious-change_appendix-b.pdf; https://2021-2025.state.gov/reports/2023-report-on-international-religious-freedom/madagascar/
南部アフリカ,南アフリカ共和国,南西端ケープタウンのボーカープ周辺,やや高い,西ケープ州のムスリム人口は2022年に5.2%。州全体を塗らず、歴史的なムスリム地区の位置を点で示す。,ZAF-cape-town,046,位置の目印（面積を持たない）,Western Cape: 5.20% (2022年),1.6%,宗教人口・地域分布からの弱い定性推定／着用率未取得,ZAF2022; PEW2025,https://census.statssa.gov.za/assets/documents/2022/P03014_Census_2022_Statistical_Release.pdf; https://www.pewresearch.org/wp-content/uploads/sites/20/2025/06/PR_2025.06.09_global-religious-change_appendix-b.pdf
南部アフリカ,南アフリカ共和国,東岸ダーバンの一部,やや高い,都市内のムスリム居住地区で見られる可能性がある。点は位置の目印で、市全域の着用率や居住範囲を表さない。,ZAF-durban,047,位置の目印（面積を持たない）,地域別数値は未取得,1.6%,宗教人口・地域分布からの弱い定性推定／着用率未取得,PEW2025; IRF-ZAF,https://www.pewresearch.org/wp-content/uploads/sites/20/2025/06/PR_2025.06.09_global-religious-change_appendix-b.pdf; https://2021-2025.state.gov/reports/2023-report-on-international-religious-freedom/south-africa/
南部アフリカ,南アフリカ共和国,北東部ヨハネスブルクの一部,やや高い,都市内のムスリム居住地区で見られる可能性がある。点は位置の目印で、市全域の着用率や居住範囲を表さない。,ZAF-johannesburg,048,位置の目印（面積を持たない）,地域別数値は未取得,1.6%,宗教人口・地域分布からの弱い定性推定／着用率未取得,PEW2025; IRF-ZAF,https://www.pewresearch.org/wp-content/uploads/sites/20/2025/06/PR_2025.06.09_global-religious-change_appendix-b.pdf; https://2021-2025.state.gov/reports/2023-report-on-international-religious-freedom/south-africa/
南アジア,イラン,全域（住民の生活圏）,高い,国連M49では南アジア。頭を覆う法的要件がある一方、実際の着用や取り締まりには時期・都市差がある。法律だけを着用率とはみなさない。,IRN-all,049,国・地域全体,地域別数値は未取得,99.8%,服装の質的資料あり／地域の率は未取得,PEW2025; FCDO-IRN,https://www.pewresearch.org/wp-content/uploads/sites/20/2025/06/PR_2025.06.09_global-religious-change_appendix-b.pdf; https://www.gov.uk/foreign-travel-advice/iran/safety-and-security
南アジア,アフガニスタン,全域（住民の生活圏）,やや高い,頭髪・身体を覆う服装が広く想定されるが、ブルカや顔の覆いをヒジャブと同一の着用率にしない。2021年以降と過去画像で環境が異なる。,AFG-all,050,国・地域全体,地域別数値は未取得,99.9%,服装の質的資料あり／地域の率は未取得,PEW2025; FCDO-AFG,https://www.pewresearch.org/wp-content/uploads/sites/20/2025/06/PR_2025.06.09_global-religious-change_appendix-b.pdf; https://www.gov.uk/foreign-travel-advice/afghanistan/safety-and-security
南アジア,パキスタン,全域（住民の生活圏）,高い,全国のムスリム女性調査（2010年）で、いつも32%、大抵29%が頭を覆う。ドゥパッタなど緩い頭布もあり、頭布一枚で判定しない。,PAK-all,051,国・地域全体,地域別数値は未取得,96.5%,服装調査あり（地図の各範囲を直接測定したものではない）,PEW2025; PEW_DRESS2010,https://www.pewresearch.org/wp-content/uploads/sites/20/2025/06/PR_2025.06.09_global-religious-change_appendix-b.pdf; https://www.pewresearch.org/wp-content/uploads/sites/4/legacy-pdf/Muslim-American-Report-10-02-12-fix.pdf
南アジア,バングラデシュ,全域（住民の生活圏）,やや高い,低地の住民生活圏に広く候補がある。サリーの布などヒジャブ以外の覆いもあるため、一律の高率とはしない。,BGD-all,052,国・地域全体,地域別数値は未取得,91.1%,宗教人口・地域分布からの弱い定性推定／着用率未取得,PEW2025,https://www.pewresearch.org/wp-content/uploads/sites/20/2025/06/PR_2025.06.09_global-religious-change_appendix-b.pdf
南アジア,モルディブ,全域（住民の生活圏）,やや高い,住民島とマレを想定。観光リゾート島の服装を住民島に一般化しない。,MDV-all,053,国・地域全体,地域別数値は未取得,94.1%,服装の質的資料あり／地域の率は未取得,PEW2025; FCDO-MDV,https://www.pewresearch.org/wp-content/uploads/sites/20/2025/06/PR_2025.06.09_global-religious-change_appendix-b.pdf; https://www.gov.uk/foreign-travel-advice/maldives/safety-and-security
南アジア,インド,最北部（スリナガル周辺のカシミール盆地）,やや高い,ムスリム人口が非常に多い盆地。地区別のヒジャブ着用率は未取得なので保守的に「やや高い」。旧州全域やラダックまで同色にしない。,IND-kashmir,054,緯度経度で囲った概略,District - Srinagar: 95.19% (2011年),15.2%,服装調査あり（地図の各範囲を直接測定したものではない）,IND_C01; PEW_IND_DRESS; PEW2025,https://censusindia.gov.in/nada/index.php/catalog/11361; https://www.pewresearch.org/religion/2021/06/29/religious-clothing-and-personal-appearance/; https://www.pewresearch.org/wp-content/uploads/sites/20/2025/06/PR_2025.06.09_global-religious-change_appendix-b.pdf
南アジア,インド,北部（デリーの北東～東、ガンジス川上流の平野）,やや高い,ウッタル・プラデーシュ州西部のムスリムが多い地区。州全体の比率を個別地区の比率に置き換えない。,IND-upper-ganges,055,緯度経度で囲った概略,State - UTTAR PRADESH: 19.26% (2011年),15.2%,服装調査あり（地図の各範囲を直接測定したものではない）,IND_C01; PEW_IND_DRESS; PEW2025,https://censusindia.gov.in/nada/index.php/catalog/11361; https://www.pewresearch.org/religion/2021/06/29/religious-clothing-and-personal-appearance/; https://www.pewresearch.org/wp-content/uploads/sites/20/2025/06/PR_2025.06.09_global-religious-change_appendix-b.pdf
南アジア,インド,北部デリー周辺（旧市街・北東部など）,やや高い,デリー全体とムスリムが多い地区には差がある。北東地区の統計をデリー全域に広げない。,IND-delhi,056,位置の目印（面積を持たない）,District - North East: 29.34% (2011年),15.2%,服装調査あり（地図の各範囲を直接測定したものではない）,IND_C01; PEW_IND_DRESS; PEW2025,https://censusindia.gov.in/nada/index.php/catalog/11361; https://www.pewresearch.org/religion/2021/06/29/religious-clothing-and-personal-appearance/; https://www.pewresearch.org/wp-content/uploads/sites/20/2025/06/PR_2025.06.09_global-religious-change_appendix-b.pdf
南アジア,インド,北部ラクナウ周辺,やや高い,都市内にムスリム生活圏がある。過去のイスラム王朝の首都という歴史だけで周辺全域を「高い」にしない。,IND-lucknow,057,位置の目印（面積を持たない）,State - UTTAR PRADESH: 19.26% (2011年),15.2%,服装調査あり（地図の各範囲を直接測定したものではない）,IND_C01; PEW_IND_DRESS; PEW2025,https://censusindia.gov.in/nada/index.php/catalog/11361; https://www.pewresearch.org/religion/2021/06/29/religious-clothing-and-personal-appearance/; https://www.pewresearch.org/wp-content/uploads/sites/20/2025/06/PR_2025.06.09_global-religious-change_appendix-b.pdf
南アジア,インド,東部（バングラデシュの北西側、ビハール州東端）,やや高い,キシャンガンジなどの人口集積。北東部全体ではなく、バングラデシュの北西側を覚える。,IND-bihar-east,058,緯度経度で囲った概略,Kishanganj district: 67.98% (2011年),15.2%,服装調査あり（地図の各範囲を直接測定したものではない）,CENSUS2011_KISHANGANJ; PEW_IND_DRESS; PEW2025,https://www.census2011.co.in/data/religion/district/62-kishanganj.html; https://www.pewresearch.org/religion/2021/06/29/religious-clothing-and-personal-appearance/; https://www.pewresearch.org/wp-content/uploads/sites/20/2025/06/PR_2025.06.09_global-religious-change_appendix-b.pdf
南アジア,インド,東部（バングラデシュ国境の西側）,やや高い,西ベンガル州の東寄りの地区。国境全線がムスリム多数という意味ではなく、コルカタなどにも混在する。,IND-bengal,059,緯度経度で囲った概略,District - Murshidabad: 66.27% (2011年) / District - Maldah: 51.27% (2011年) / District - Nadia: 26.76% (2011年) / District - South Twenty Four Parganas: 35.57% (2011年),15.2%,服装調査あり（地図の各範囲を直接測定したものではない）,IND_C01; PEW_IND_DRESS; PEW2025,https://censusindia.gov.in/nada/index.php/catalog/11361; https://www.pewresearch.org/religion/2021/06/29/religious-clothing-and-personal-appearance/; https://www.pewresearch.org/wp-content/uploads/sites/20/2025/06/PR_2025.06.09_global-religious-change_appendix-b.pdf
南アジア,インド,北東部（バングラデシュ北側の低地）,やや高い,アッサム州の西部低地・バングラデシュに近い側。北東インドの山地全体へ広げない。,IND-assam,060,緯度経度で囲った概略,District - Dhubri: 79.67% (2011年) / District - Goalpara: 57.52% (2011年) / District - Barpeta: 70.74% (2011年),15.2%,服装調査あり（地図の各範囲を直接測定したものではない）,IND_C01; PEW_IND_DRESS; PEW2025,https://censusindia.gov.in/nada/index.php/catalog/11361; https://www.pewresearch.org/religion/2021/06/29/religious-clothing-and-personal-appearance/; https://www.pewresearch.org/wp-content/uploads/sites/20/2025/06/PR_2025.06.09_global-religious-change_appendix-b.pdf
南アジア,インド,南西部（コジコード周辺～その北・南の海岸）,やや高い,北ケララのマラバール海岸。コジコードの英語旧称はカリカットで、東部のコルカタ（カルカッタ）とは別都市。マラップラムなど地区差がある。,IND-malabar,061,緯度経度で囲った概略,District - Kozhikode: 39.24% (2011年) / District - Malappuram: 70.24% (2011年) / District - Kannur: 29.43% (2011年) / District - Kasaragod: 37.24% (2011年),15.2%,服装調査あり（地図の各範囲を直接測定したものではない）,IND_C01; KOZHIKODE; PEW_IND_DRESS; PEW2025,https://censusindia.gov.in/nada/index.php/catalog/11361; https://kozhikode.nic.in/en/about-district/history/; https://www.pewresearch.org/religion/2021/06/29/religious-clothing-and-personal-appearance/; https://www.pewresearch.org/wp-content/uploads/sites/20/2025/06/PR_2025.06.09_global-religious-change_appendix-b.pdf
南アジア,インド,南西沖の小島群（ラクシャドウィープ）,やや高い,ケララ州沖の島々。人口構成はムスリム多数だが島別のヒジャブ着用率は未取得なので保守的に「やや高い」。,IND-lakshadweep,062,行政区を束ねた概略,State - LAKSHADWEEP: 96.58% (2011年),15.2%,服装調査あり（地図の各範囲を直接測定したものではない）,IND_C01; PEW_IND_DRESS; PEW2025,https://censusindia.gov.in/nada/index.php/catalog/11361; https://www.pewresearch.org/religion/2021/06/29/religious-clothing-and-personal-appearance/; https://www.pewresearch.org/wp-content/uploads/sites/20/2025/06/PR_2025.06.09_global-religious-change_appendix-b.pdf
南アジア,インド,南中部ハイデラバード旧市街周辺,やや高い,デカン高原内陸の独立した候補。南西海岸のコジコードとは離れている。,IND-hyderabad,063,位置の目印（面積を持たない）,State - ANDHRA PRADESH: 9.56% (2011年),15.2%,服装調査あり（地図の各範囲を直接測定したものではない）,IND_C01; PEW_IND_DRESS; PEW2025,https://censusindia.gov.in/nada/index.php/catalog/11361; https://www.pewresearch.org/religion/2021/06/29/religious-clothing-and-personal-appearance/; https://www.pewresearch.org/wp-content/uploads/sites/20/2025/06/PR_2025.06.09_global-religious-change_appendix-b.pdf
南アジア,インド,西岸ムンバイの一部,やや高い,都市内のムスリム居住地区で見られる可能性がある。点は位置の目印で、市全域の着用率や居住範囲を表さない。,IND-mumbai,064,位置の目印（面積を持たない）,District - Mumbai: 25.06% (2011年) / District - Mumbai Suburban: 19.19% (2011年),15.2%,服装調査あり（地図の各範囲を直接測定したものではない）,IND_C01; PEW_IND_DRESS; PEW2025,https://censusindia.gov.in/nada/index.php/catalog/11361; https://www.pewresearch.org/religion/2021/06/29/religious-clothing-and-personal-appearance/; https://www.pewresearch.org/wp-content/uploads/sites/20/2025/06/PR_2025.06.09_global-religious-change_appendix-b.pdf
南アジア,インド,中部ボパールの一部,やや高い,都市内のムスリム居住地区で見られる可能性がある。点は位置の目印で、市全域の着用率や居住範囲を表さない。,IND-bhopal,065,位置の目印（面積を持たない）,State - MADHYA PRADESH: 6.57% (2011年),15.2%,服装調査あり（地図の各範囲を直接測定したものではない）,IND_C01; PEW_IND_DRESS; PEW2025,https://censusindia.gov.in/nada/index.php/catalog/11361; https://www.pewresearch.org/religion/2021/06/29/religious-clothing-and-personal-appearance/; https://www.pewresearch.org/wp-content/uploads/sites/20/2025/06/PR_2025.06.09_global-religious-change_appendix-b.pdf
南アジア,インド,南部ベンガルールの一部,やや高い,都市内のムスリム居住地区で見られる可能性がある。点は位置の目印で、市全域の着用率や居住範囲を表さない。,IND-bengaluru,066,位置の目印（面積を持たない）,District - Bangalore: 12.97% (2011年),15.2%,服装調査あり（地図の各範囲を直接測定したものではない）,IND_C01; PEW_IND_DRESS; PEW2025,https://censusindia.gov.in/nada/index.php/catalog/11361; https://www.pewresearch.org/religion/2021/06/29/religious-clothing-and-personal-appearance/; https://www.pewresearch.org/wp-content/uploads/sites/20/2025/06/PR_2025.06.09_global-religious-change_appendix-b.pdf
南アジア,ネパール,南部の低地（インド国境沿いの中西部・東部）,やや高い,タライ低地のムスリム居住集落。地形に沿って手描きした概略で、集落の正確な境界ではない。,NPL-terai,067,手描きの概略,地域別数値は未取得,5.1%,宗教人口・地域分布からの弱い定性推定／着用率未取得,PEW2025; IRF-NPL,https://www.pewresearch.org/wp-content/uploads/sites/20/2025/06/PR_2025.06.09_global-religious-change_appendix-b.pdf; https://2021-2025.state.gov/reports/2023-report-on-international-religious-freedom/nepal/
南アジア,スリランカ,東部海岸（トリンコマリー～アンパラ）,やや高い,2024年の宗教別人口はトリンコマリー46.5%、アンパラ45.6%、バッティカロア27.1%。東部全域で女性の多数が着用するとの実測値ではない。,LKA-east,068,行政区を束ねた概略,Trincomalee: 46.50% (2024年) / Ampara: 45.60% (2024年) / Batticaloa: 27.10% (2024年),10.2%,宗教人口・地域分布からの弱い定性推定／着用率未取得,LKA2024; PEW2025,https://www.statistics.gov.lk/Slider/Census2024_En; https://www.pewresearch.org/wp-content/uploads/sites/20/2025/06/PR_2025.06.09_global-religious-change_appendix-b.pdf
南アジア,スリランカ,北西部海岸（プッタラム～マンナール）,やや高い,離れた東海岸と別に覚える。2024年のムスリム人口はプッタラム21.6%、マンナール27.4%。,LKA-northwest,069,行政区を束ねた概略,Puttalam: 21.60% (2024年) / Mannar: 27.40% (2024年),10.2%,宗教人口・地域分布からの弱い定性推定／着用率未取得,LKA2024; PEW2025,https://www.statistics.gov.lk/Slider/Census2024_En; https://www.pewresearch.org/wp-content/uploads/sites/20/2025/06/PR_2025.06.09_global-religious-change_appendix-b.pdf
南アジア,スリランカ,西部コロンボの一部,やや高い,都市内のムスリム居住地区で見られる可能性がある。点は位置の目印で、市全域の着用率や居住範囲を表さない。,LKA-colombo,070,位置の目印（面積を持たない）,Colombo: 12.60% (2024年),10.2%,宗教人口・地域分布からの弱い定性推定／着用率未取得,LKA2024; PEW2025,https://www.statistics.gov.lk/Slider/Census2024_En; https://www.pewresearch.org/wp-content/uploads/sites/20/2025/06/PR_2025.06.09_global-religious-change_appendix-b.pdf
南アジア,スリランカ,中部キャンディ周辺の一部,やや高い,都市内のムスリム居住地区で見られる可能性がある。点は位置の目印で、市全域の着用率や居住範囲を表さない。,LKA-kandy,071,位置の目印（面積を持たない）,Kandy: 15.30% (2024年),10.2%,宗教人口・地域分布からの弱い定性推定／着用率未取得,LKA2024; PEW2025,https://www.statistics.gov.lk/Slider/Census2024_En; https://www.pewresearch.org/wp-content/uploads/sites/20/2025/06/PR_2025.06.09_global-religious-change_appendix-b.pdf
東南アジア,インドネシア,西部スマトラ島（北端アチェ・西部・南部など）,高い,ムスリム多数の州をまとめる。北スマトラ州のバタク高地などを一括で同色にしない。,IDN-sumatra,072,行政区を束ねた概略,11. NANGGROE ACEH DARUSSALAM: 98.19% (2010年) / 13. SUMATERA BARAT: 97.42% (2010年) / 14. RIAU: 87.98% (2010年) / 15. JAMBI: 95.41% (2010年) / 16. SUMATERA SELATAN: 96.89% (2010年) / 17. BENGKULU: 97.29% (2010年) / 18. LAMPUNG: 95.48% (2010年) / 19. KEPULAUAN BANGKA BELITUNG: 89.00% (2010年) / 21. KEPULAUAN RIAU: 79.34% (2010年),87.0%,服装調査あり（地図の各範囲を直接測定したものではない）,BPS2010; ISEAS2022; PEW2025,https://sensus.bps.go.id/topik/tabular/sp2010/12/91622/1; https://www.iseas.edu.sg/wp-content/uploads/2023/01/TRS3_23.pdf; https://www.pewresearch.org/wp-content/uploads/sites/20/2025/06/PR_2025.06.09_global-religious-change_appendix-b.pdf
東南アジア,インドネシア,スマトラ島北部（メダン周辺を含む北スマトラ州）,やや高い,州全体は宗教が混在する。トバ湖周辺・西沖の島々と東岸の都市で差が大きい。,IDN-north-sumatra,073,行政区を束ねた概略,12. SUMATERA UTARA: 66.09% (2010年),87.0%,服装調査あり（地図の各範囲を直接測定したものではない）,BPS2010; ISEAS2022; PEW2025,https://sensus.bps.go.id/topik/tabular/sp2010/12/91622/1; https://www.iseas.edu.sg/wp-content/uploads/2023/01/TRS3_23.pdf; https://www.pewresearch.org/wp-content/uploads/sites/20/2025/06/PR_2025.06.09_global-religious-change_appendix-b.pdf
東南アジア,インドネシア,南西部ジャワ島（ジャカルタを含む）,高い,インドネシアの人口集積の中心。全国ムスリム女性調査の通常着用61.9%（2022年）を参照するが、各州の実測率ではない。,IDN-java,074,行政区を束ねた概略,32. JAWA BARAT: 97.00% (2010年) / 33. JAWA TENGAH: 96.74% (2010年) / 35. JAWA TIMUR: 96.36% (2010年) / 31. DKI JAKARTA: 85.36% (2010年) / 36. BANTEN: 94.67% (2010年) / 34. DI YOGYAKARTA: 91.95% (2010年),87.0%,服装調査あり（地図の各範囲を直接測定したものではない）,BPS2010; ISEAS2022; PEW2025,https://sensus.bps.go.id/topik/tabular/sp2010/12/91622/1; https://www.iseas.edu.sg/wp-content/uploads/2023/01/TRS3_23.pdf; https://www.pewresearch.org/wp-content/uploads/sites/20/2025/06/PR_2025.06.09_global-religious-change_appendix-b.pdf
東南アジア,インドネシア,南部のロンボク島・スンバワ島（バリの東隣）,高い,バリ島と、さらに東のフローレス島・ティモール島を同一視しない。,IDN-lombok,075,行政区を束ねた概略,52. NUSA TENGGARA BARAT: 96.47% (2010年),87.0%,服装調査あり（地図の各範囲を直接測定したものではない）,BPS2010; ISEAS2022; PEW2025,https://sensus.bps.go.id/topik/tabular/sp2010/12/91622/1; https://www.iseas.edu.sg/wp-content/uploads/2023/01/TRS3_23.pdf; https://www.pewresearch.org/wp-content/uploads/sites/20/2025/06/PR_2025.06.09_global-religious-change_appendix-b.pdf
東南アジア,インドネシア,ボルネオ島の南部・東部,高い,南部・東部の州。州内の森林集落や少数宗教地域には差がある。旧東カリマンタン州の範囲には現在の北カリマンタン州を含む。,IDN-borneo-se,076,行政区を束ねた概略,63. KALIMANTAN SELATAN: 96.67% (2010年) / 64. KALIMANTAN TIMUR: 85.38% (2010年),87.0%,服装調査あり（地図の各範囲を直接測定したものではない）,BPS2010; ISEAS2022; PEW2025,https://sensus.bps.go.id/topik/tabular/sp2010/12/91622/1; https://www.iseas.edu.sg/wp-content/uploads/2023/01/TRS3_23.pdf; https://www.pewresearch.org/wp-content/uploads/sites/20/2025/06/PR_2025.06.09_global-religious-change_appendix-b.pdf
東南アジア,インドネシア,ボルネオ島の西部・中部,やや高い,ムスリム・キリスト教徒などが混在。海岸都市と内陸で差がある。,IDN-borneo-wc,077,行政区を束ねた概略,61. KALIMANTAN BARAT: 59.22% (2010年) / 62. KALIMANTAN TENGAH: 74.31% (2010年),87.0%,服装調査あり（地図の各範囲を直接測定したものではない）,BPS2010; ISEAS2022; PEW2025,https://sensus.bps.go.id/topik/tabular/sp2010/12/91622/1; https://www.iseas.edu.sg/wp-content/uploads/2023/01/TRS3_23.pdf; https://www.pewresearch.org/wp-content/uploads/sites/20/2025/06/PR_2025.06.09_global-religious-change_appendix-b.pdf
東南アジア,インドネシア,中央東部スラウェシ島（北東端を除く）,やや高い,ムスリム多数の州だが、トラジャ高地など州内の宗教差が大きいため保守的に「やや高い」。北東端のマナド周辺を除く。,IDN-sulawesi,078,行政区を束ねた概略,73. SULAWESI SELATAN: 89.62% (2010年) / 76. SULAWESI BARAT: 82.66% (2010年) / 74. SULAWESI TENGGARA: 95.23% (2010年) / 72. SULAWESI TENGAH: 77.72% (2010年) / 75. GORONTALO: 97.81% (2010年),87.0%,服装調査あり（地図の各範囲を直接測定したものではない）,BPS2010; ISEAS2022; PEW2025,https://sensus.bps.go.id/topik/tabular/sp2010/12/91622/1; https://www.iseas.edu.sg/wp-content/uploads/2023/01/TRS3_23.pdf; https://www.pewresearch.org/wp-content/uploads/sites/20/2025/06/PR_2025.06.09_global-religious-change_appendix-b.pdf
東南アジア,インドネシア,東部マルク諸島,やや高い,島ごとの宗教差が大きい。パプア全体をムスリム地域として塗らない。,IDN-maluku,079,行政区を束ねた概略,81. MALUKU: 50.61% (2010年) / 82. MALUKU UTARA: 74.28% (2010年),87.0%,服装調査あり（地図の各範囲を直接測定したものではない）,BPS2010; ISEAS2022; PEW2025,https://sensus.bps.go.id/topik/tabular/sp2010/12/91622/1; https://www.iseas.edu.sg/wp-content/uploads/2023/01/TRS3_23.pdf; https://www.pewresearch.org/wp-content/uploads/sites/20/2025/06/PR_2025.06.09_global-religious-change_appendix-b.pdf
東南アジア,インドネシア,南部バリ島デンパサールの一部,やや高い,バリ島はヒンドゥー教徒が多数。ムスリム居住地区の補足候補を点で示し、島全体は無着色とする。,IDN-bali-denpasar,080,位置の目印（面積を持たない）,地域別数値は未取得,87.0%,服装調査あり（地図の各範囲を直接測定したものではない）,BPS2010; ISEAS2022; PEW2025,https://sensus.bps.go.id/topik/tabular/sp2010/12/91622/1; https://www.iseas.edu.sg/wp-content/uploads/2023/01/TRS3_23.pdf; https://www.pewresearch.org/wp-content/uploads/sites/20/2025/06/PR_2025.06.09_global-religious-change_appendix-b.pdf
東南アジア,マレーシア,マレー半島の北部・東岸,高い,クランタン州では2020年にムスリム95.5%。半島の北東部を特に覚える。数値は宗教人口。,MYS-peninsula-east,081,行政区を束ねた概略,Kelantan: 95.50% (2020年),64.1%,服装の質的資料あり／地域の率は未取得,DOSM2020; MYS_DRESS; PEW2025,https://www.statistics.gov.my/uploads/publications/20221014150434.pdf; https://jpmm.um.edu.my/article/view/5983; https://www.pewresearch.org/wp-content/uploads/sites/20/2025/06/PR_2025.06.09_global-religious-change_appendix-b.pdf
東南アジア,マレーシア,マレー半島の西岸・南部（クアラルンプール周辺など）,やや高い,都市ごとにムスリム・仏教徒・ヒンドゥー教徒などが混在。北東部と同率にしない。,MYS-peninsula-west,082,行政区を束ねた概略,地域別数値は未取得,64.1%,服装の質的資料あり／地域の率は未取得,PEW2025; MYS_DRESS,https://www.pewresearch.org/wp-content/uploads/sites/20/2025/06/PR_2025.06.09_global-religious-change_appendix-b.pdf; https://jpmm.um.edu.my/article/view/5983
東南アジア,マレーシア,ボルネオ島北東部（サバ州）,やや高い,海岸部のムスリム生活圏と内陸の宗教構成には差がある。,MYS-sabah,083,行政区を束ねた概略,地域別数値は未取得,64.1%,服装の質的資料あり／地域の率は未取得,PEW2025; IRF-MYS; MYS_DRESS,https://www.pewresearch.org/wp-content/uploads/sites/20/2025/06/PR_2025.06.09_global-religious-change_appendix-b.pdf; https://2021-2025.state.gov/reports/2023-report-on-international-religious-freedom/malaysia/; https://jpmm.um.edu.my/article/view/5983
東南アジア,マレーシア,ボルネオ島北西部クチンの一部,やや高い,サラワク州全域は塗らず、都市のムスリム生活圏を補足する。,MYS-kuching,084,位置の目印（面積を持たない）,地域別数値は未取得,64.1%,服装の質的資料あり／地域の率は未取得,PEW2025; IRF-MYS; MYS_DRESS,https://www.pewresearch.org/wp-content/uploads/sites/20/2025/06/PR_2025.06.09_global-religious-change_appendix-b.pdf; https://2021-2025.state.gov/reports/2023-report-on-international-religious-freedom/malaysia/; https://jpmm.um.edu.my/article/view/5983
東南アジア,ブルネイ,全域（住民の生活圏）,高い,ボルネオ島北岸の小国。頭を覆うトゥドゥンが見られる生活圏。外国人や宗教少数派まで一律ではない。,BRN-all,085,国・地域全体,地域別数値は未取得,82.2%,宗教人口・地域分布からの弱い定性推定／着用率未取得,PEW2025,https://www.pewresearch.org/wp-content/uploads/sites/20/2025/06/PR_2025.06.09_global-religious-change_appendix-b.pdf
東南アジア,タイ王国,最南部（マレーシア国境近く）,高い,マレー系ムスリムが多い南端。半島南部全域が同じ宗教構成ではない。,THA-deep-south,086,行政区を束ねた概略,地域別数値は未取得,4.5%,宗教人口・地域分布からの弱い定性推定／着用率未取得,PEW2025; IRF-THA,https://www.pewresearch.org/wp-content/uploads/sites/20/2025/06/PR_2025.06.09_global-religious-change_appendix-b.pdf; https://2021-2025.state.gov/reports/2023-report-on-international-religious-freedom/thailand/
東南アジア,タイ王国,南部の西海岸（クラビー・パンガー・プーケット周辺）,やや高い,ムスリムの生活圏と観光地・仏教徒の集落が混在する。,THA-andaman,087,行政区を束ねた概略,地域別数値は未取得,4.5%,宗教人口・地域分布からの弱い定性推定／着用率未取得,PEW2025; IRF-THA,https://www.pewresearch.org/wp-content/uploads/sites/20/2025/06/PR_2025.06.09_global-religious-change_appendix-b.pdf; https://2021-2025.state.gov/reports/2023-report-on-international-religious-freedom/thailand/
東南アジア,タイ王国,中部バンコク東部などの一部,やや高い,都市内のムスリム居住地区で見られる可能性がある。点は位置の目印で、市全域の着用率や居住範囲を表さない。,THA-bangkok,088,位置の目印（面積を持たない）,地域別数値は未取得,4.5%,宗教人口・地域分布からの弱い定性推定／着用率未取得,PEW2025; IRF-THA,https://www.pewresearch.org/wp-content/uploads/sites/20/2025/06/PR_2025.06.09_global-religious-change_appendix-b.pdf; https://2021-2025.state.gov/reports/2023-report-on-international-religious-freedom/thailand/
東南アジア,フィリピン,南部ミンダナオ島の西寄り（コタバト・マラウィ周辺）,高い,旧BARMM集計のムスリム人口は90.9%（2020年、世帯人口）。ミンダナオ島全体を塗らない。,PHL-mindanao,089,行政区を束ねた概略,BARMM2020: 90.90% (2020年),6.5%,宗教人口・地域分布からの弱い定性推定／着用率未取得,PSA2020; PEW2025,https://psa.gov.ph/content/religious-affiliation-philippines-2020-census-population-and-housing; https://www.pewresearch.org/wp-content/uploads/sites/20/2025/06/PR_2025.06.09_global-religious-change_appendix-b.pdf
東南アジア,フィリピン,南西端の島列（バシラン・スールー・タウィタウィ）,高い,ミンダナオからボルネオへ伸びる島々。2020年の地域集計と現在の行政区分には差がある。,PHL-sulu,090,行政区を束ねた概略,BARMM2020: 90.90% (2020年),6.5%,宗教人口・地域分布からの弱い定性推定／着用率未取得,PSA2020; PEW2025,https://psa.gov.ph/content/religious-affiliation-philippines-2020-census-population-and-housing; https://www.pewresearch.org/wp-content/uploads/sites/20/2025/06/PR_2025.06.09_global-religious-change_appendix-b.pdf
東南アジア,シンガポール,全域（住民の生活圏）,やや高い,小さな都市国家のマレー系・ムスリム生活圏。ヒジャブは国全体がムスリム多数である証拠ではない。,SGP-all,091,国・地域全体,地域別数値は未取得,16.1%,宗教人口・地域分布からの弱い定性推定／着用率未取得,PEW2025,https://www.pewresearch.org/wp-content/uploads/sites/20/2025/06/PR_2025.06.09_global-religious-change_appendix-b.pdf
東南アジア,カンボジア,中部（プノンペン北方、メコン川沿い）,やや高い,チャム系ムスリムの集落が点在。四角形は集落の位置を探す概略で、範囲内が一様という意味ではない。,KHM-mekong,092,緯度経度で囲った概略,地域別数値は未取得,2.0%,宗教人口・地域分布からの弱い定性推定／着用率未取得,PEW2025; IRF-KHM,https://www.pewresearch.org/wp-content/uploads/sites/20/2025/06/PR_2025.06.09_global-religious-change_appendix-b.pdf; https://2021-2025.state.gov/reports/2023-report-on-international-religious-freedom/cambodia/
東南アジア,ミャンマー,西端（バングラデシュ国境寄り）,やや高い,北ラカインのムスリム生活圏。迫害・避難で人口分布が大きく変わっており、過去の人口値を現在へ外挿しない。,MMR-rakhine,093,緯度経度で囲った概略,地域別数値は未取得,3.3%,宗教人口・地域分布からの弱い定性推定／着用率未取得,PEW2025,https://www.pewresearch.org/wp-content/uploads/sites/20/2025/06/PR_2025.06.09_global-religious-change_appendix-b.pdf
東南アジア,ミャンマー,南部ヤンゴンの一部,やや高い,都市内のムスリム居住地区で見られる可能性がある。点は位置の目印で、市全域の着用率や居住範囲を表さない。,MMR-yangon,094,位置の目印（面積を持たない）,地域別数値は未取得,3.3%,宗教人口・地域分布からの弱い定性推定／着用率未取得,PEW2025,https://www.pewresearch.org/wp-content/uploads/sites/20/2025/06/PR_2025.06.09_global-religious-change_appendix-b.pdf
西アジア,トルコ,中央部・東部の内陸（アンカラ以東）,高い,全国2010年調査ではムスリム女性の56%がいつも、6%が大抵頭を覆う。内陸の服装傾向は定性推定で、東西の実測率差は未取得。,TUR-interior,095,緯度経度で囲った概略,地域別数値は未取得,97.1%,服装調査あり（地図の各範囲を直接測定したものではない）,PEW2025; PEW_DRESS2010; GALLUP_TUR,https://www.pewresearch.org/wp-content/uploads/sites/20/2025/06/PR_2025.06.09_global-religious-change_appendix-b.pdf; https://www.pewresearch.org/wp-content/uploads/sites/4/legacy-pdf/Muslim-American-Report-10-02-12-fix.pdf; https://news.gallup.com/poll/104257/Headscarves-Secularism-Voices-From-Turkish-Women.aspx
西アジア,トルコ,西部（イスタンブール・エーゲ海岸周辺）,やや高い,大都市・海岸部には未着用女性も多い。全国値を西部固有の率とはしない。,TUR-west,096,緯度経度で囲った概略,地域別数値は未取得,97.1%,服装調査あり（地図の各範囲を直接測定したものではない）,PEW2025; PEW_DRESS2010; GALLUP_TUR,https://www.pewresearch.org/wp-content/uploads/sites/20/2025/06/PR_2025.06.09_global-religious-change_appendix-b.pdf; https://www.pewresearch.org/wp-content/uploads/sites/4/legacy-pdf/Muslim-American-Report-10-02-12-fix.pdf; https://news.gallup.com/poll/104257/Headscarves-Secularism-Voices-From-Turkish-Women.aspx
西アジア,イラク,全域（住民の生活圏）,高い,メソポタミアの都市・集落が主な生活圏。北部クルディスタン、都市、少数宗教地区の差を含む定性推定。,IRQ-all,097,国・地域全体,地域別数値は未取得,99.5%,宗教人口・地域分布からの弱い定性推定／着用率未取得,PEW2025,https://www.pewresearch.org/wp-content/uploads/sites/20/2025/06/PR_2025.06.09_global-religious-change_appendix-b.pdf
西アジア,シリア,全域（住民の生活圏）,やや高い,内陸のムスリム生活圏を含む。沿岸部・都市・宗教少数派、避難による人口分布の変化が大きい。,SYR-all,098,国・地域全体,地域別数値は未取得,94.2%,宗教人口・地域分布からの弱い定性推定／着用率未取得,PEW2025,https://www.pewresearch.org/wp-content/uploads/sites/20/2025/06/PR_2025.06.09_global-religious-change_appendix-b.pdf
西アジア,レバノン,北部（トリポリ周辺）,やや高い,宗教構成は非常に細かく分かれる。全国ムスリム女性の調査を地域全女性の着用率には使わない。,LBN-north,099,緯度経度で囲った概略,地域別数値は未取得,67.8%,服装調査あり（地図の各範囲を直接測定したものではない）,PEW2025; IRF-LBN; PEW_DRESS2010,https://www.pewresearch.org/wp-content/uploads/sites/20/2025/06/PR_2025.06.09_global-religious-change_appendix-b.pdf; https://2021-2025.state.gov/reports/2023-report-on-international-religious-freedom/lebanon/; https://www.pewresearch.org/wp-content/uploads/sites/4/legacy-pdf/Muslim-American-Report-10-02-12-fix.pdf
西アジア,レバノン,南部と東部内陸（ベカー高原）,やや高い,南部・東部のムスリム生活圏の概略。キリスト教徒・ドゥルーズ派などの地区が混在する。,LBN-south-east,100,緯度経度で囲った概略,地域別数値は未取得,67.8%,服装調査あり（地図の各範囲を直接測定したものではない）,PEW2025; IRF-LBN; PEW_DRESS2010,https://www.pewresearch.org/wp-content/uploads/sites/20/2025/06/PR_2025.06.09_global-religious-change_appendix-b.pdf; https://2021-2025.state.gov/reports/2023-report-on-international-religious-freedom/lebanon/; https://www.pewresearch.org/wp-content/uploads/sites/4/legacy-pdf/Muslim-American-Report-10-02-12-fix.pdf
西アジア,ヨルダン,全域（住民の生活圏）,高い,アンマンなど住民の生活圏。2010年のムスリム女性調査で、いつも59%、大抵24%が頭を覆う。,JOR-all,101,国・地域全体,地域別数値は未取得,97.1%,服装調査あり（地図の各範囲を直接測定したものではない）,PEW2025; PEW_DRESS2010,https://www.pewresearch.org/wp-content/uploads/sites/20/2025/06/PR_2025.06.09_global-religious-change_appendix-b.pdf; https://www.pewresearch.org/wp-content/uploads/sites/4/legacy-pdf/Muslim-American-Report-10-02-12-fix.pdf
西アジア,サウジアラビア,全域（住民の生活圏）,高い,都市・集落の住民女性を想定する定性推定。女性旅行者に髪を覆う義務がある、という説明はしない。,SAU-all,102,国・地域全体,地域別数値は未取得,92.7%,服装の質的資料あり／地域の率は未取得,PEW2025; FCDO-SAU,https://www.pewresearch.org/wp-content/uploads/sites/20/2025/06/PR_2025.06.09_global-religious-change_appendix-b.pdf; https://www.gov.uk/foreign-travel-advice/saudi-arabia/safety-and-security
西アジア,イエメン,全域（住民の生活圏）,高い,住民女性の頭・身体を覆う服装を想定。ニカブなど顔の覆いとヒジャブを区別する。,YEM-all,103,国・地域全体,地域別数値は未取得,99.9%,宗教人口・地域分布からの弱い定性推定／着用率未取得,PEW2025; IRF-YEM,https://www.pewresearch.org/wp-content/uploads/sites/20/2025/06/PR_2025.06.09_global-religious-change_appendix-b.pdf; https://2021-2025.state.gov/reports/2023-report-on-international-religious-freedom/yemen/
西アジア,オマーン,全域（住民の生活圏）,高い,北東部のマスカット周辺や南部サラーラなどの生活圏。砂漠を含む国の面積は出題頻度ではない。,OMN-all,104,国・地域全体,地域別数値は未取得,81.8%,宗教人口・地域分布からの弱い定性推定／着用率未取得,PEW2025; IRF-OMN,https://www.pewresearch.org/wp-content/uploads/sites/20/2025/06/PR_2025.06.09_global-religious-change_appendix-b.pdf; https://2021-2025.state.gov/reports/2023-report-on-international-religious-freedom/oman/
西アジア,アラブ首長国連邦,全域（住民の生活圏）,やや高い,湾岸のアブダビ・ドバイ・シャルジャなど。外国人住民や旅行者が多く、イスラム教国でも街頭の服装は多様。,ARE-all,105,国・地域全体,地域別数値は未取得,72.9%,宗教人口・地域分布からの弱い定性推定／着用率未取得,PEW2025,https://www.pewresearch.org/wp-content/uploads/sites/20/2025/06/PR_2025.06.09_global-religious-change_appendix-b.pdf
西アジア,カタール,全域（住民の生活圏）,やや高い,東岸のドーハ周辺に人口が集中。国籍人口と全居住人口を混同しない。,QAT-all,106,国・地域全体,地域別数値は未取得,75.9%,宗教人口・地域分布からの弱い定性推定／着用率未取得,PEW2025,https://www.pewresearch.org/wp-content/uploads/sites/20/2025/06/PR_2025.06.09_global-religious-change_appendix-b.pdf
西アジア,バーレーン,全域（住民の生活圏）,やや高い,マナーマ周辺など住民生活圏。外国人住民の存在も考慮する。,BHR-all,107,国・地域全体,地域別数値は未取得,74.0%,宗教人口・地域分布からの弱い定性推定／着用率未取得,PEW2025,https://www.pewresearch.org/wp-content/uploads/sites/20/2025/06/PR_2025.06.09_global-religious-change_appendix-b.pdf
西アジア,クウェート,全域（住民の生活圏）,やや高い,湾岸のクウェート市周辺。外国人住民を含む人口と自国籍住民の服装は同じではない。,KWT-all,108,国・地域全体,地域別数値は未取得,80.2%,宗教人口・地域分布からの弱い定性推定／着用率未取得,PEW2025,https://www.pewresearch.org/wp-content/uploads/sites/20/2025/06/PR_2025.06.09_global-religious-change_appendix-b.pdf
西アジア,パレスチナ,全域（住民の生活圏）,高い,ヨルダン川西岸・ガザのムスリム生活圏。両地域は離れている。人口移動と撮影時期の違いに注意。,PSE-all,109,国・地域全体,地域別数値は未取得,99.0%,宗教人口・地域分布からの弱い定性推定／着用率未取得,PEW2025,https://www.pewresearch.org/wp-content/uploads/sites/20/2025/06/PR_2025.06.09_global-religious-change_appendix-b.pdf
西アジア,イスラエル,北部（ガリラヤのアラブ系住民の町）,やや高い,町・宗教ごとの差が大きい。頭布だけでイスラム教・国籍・民族を判断しない。,ISR-galilee,110,緯度経度で囲った概略,地域別数値は未取得,14.7%,宗教人口・地域分布からの弱い定性推定／着用率未取得,PEW2025; IRF-ISR,https://www.pewresearch.org/wp-content/uploads/sites/20/2025/06/PR_2025.06.09_global-religious-change_appendix-b.pdf; https://2021-2025.state.gov/reports/2023-report-on-international-religious-freedom/israel-west-bank-and-gaza/
西アジア,イスラエル,南部（ベエルシェバ北方のラハト周辺）,やや高い,都市内のムスリム居住地区で見られる可能性がある。点は位置の目印で、市全域の着用率や居住範囲を表さない。,ISR-negev,111,位置の目印（面積を持たない）,地域別数値は未取得,14.7%,宗教人口・地域分布からの弱い定性推定／着用率未取得,PEW2025; IRF-ISR,https://www.pewresearch.org/wp-content/uploads/sites/20/2025/06/PR_2025.06.09_global-religious-change_appendix-b.pdf; https://2021-2025.state.gov/reports/2023-report-on-international-religious-freedom/israel-west-bank-and-gaza/
西アジア,アゼルバイジャン,東部バクー周辺の一部,やや高い,宗教人口は多いが未着用も多い。ムスリム多数を根拠に国全体を濃い赤にしない。,AZE-baku,112,位置の目印（面積を持たない）,地域別数値は未取得,94.7%,宗教人口・地域分布からの弱い定性推定／着用率未取得,PEW2025,https://www.pewresearch.org/wp-content/uploads/sites/20/2025/06/PR_2025.06.09_global-religious-change_appendix-b.pdf
西アジア,ジョージア,南西部（黒海沿岸バトゥミ周辺）,やや高い,都市内のムスリム居住地区で見られる可能性がある。点は位置の目印で、市全域の着用率や居住範囲を表さない。,GEO-batumi,113,位置の目印（面積を持たない）,地域別数値は未取得,10.5%,宗教人口・地域分布からの弱い定性推定／着用率未取得,PEW2025,https://www.pewresearch.org/wp-content/uploads/sites/20/2025/06/PR_2025.06.09_global-religious-change_appendix-b.pdf
中央アジア,ウズベキスタン,東端（フェルガナ盆地）,やや高い,中央アジアではムスリム人口とヒジャブ着用が一致しない。東部の生活圏に限った弱い補助候補。,UZB-ferghana,114,緯度経度で囲った概略,地域別数値は未取得,95.6%,宗教人口・地域分布からの弱い定性推定／着用率未取得,PEW2025,https://www.pewresearch.org/wp-content/uploads/sites/20/2025/06/PR_2025.06.09_global-religious-change_appendix-b.pdf
中央アジア,キルギス,南西部（オシ周辺、フェルガナ盆地の縁）,やや高い,山地全域へ広げず、南西部の生活圏を候補とする。全国着用率の実測値は未取得。,KGZ-osh,115,緯度経度で囲った概略,地域別数値は未取得,91.7%,宗教人口・地域分布からの弱い定性推定／着用率未取得,PEW2025,https://www.pewresearch.org/wp-content/uploads/sites/20/2025/06/PR_2025.06.09_global-religious-change_appendix-b.pdf
南ヨーロッパ,アルバニア,中西部ティラナの一部,やや高い,ムスリム人口が多くても未着用女性が多い。市内の一部の生活圏を補助候補とする。,ALB-tirana,116,位置の目印（面積を持たない）,地域別数値は未取得,74.5%,宗教人口・地域分布からの弱い定性推定／着用率未取得,PEW2025,https://www.pewresearch.org/wp-content/uploads/sites/20/2025/06/PR_2025.06.09_global-religious-change_appendix-b.pdf
南ヨーロッパ,コソボ,南部プリズレン周辺,やや高い,コソボはM49の独立した国コードではないため、国連区分はセルビアの南ヨーロッパを参照。服装は多様。,XKX-prizren,117,位置の目印（面積を持たない）,地域別数値は未取得,94.3%,宗教人口・地域分布からの弱い定性推定／着用率未取得,PEW2025,https://www.pewresearch.org/wp-content/uploads/sites/20/2025/06/PR_2025.06.09_global-religious-change_appendix-b.pdf
南ヨーロッパ,ボスニア・ヘルツェゴビナ,中東部サラエボ周辺,やや高い,ボシュニャク系ムスリムの生活圏。ムスリムの多さを一律の着用率とみなさない。,BIH-sarajevo,118,位置の目印（面積を持たない）,地域別数値は未取得,53.6%,宗教人口・地域分布からの弱い定性推定／着用率未取得,PEW2025,https://www.pewresearch.org/wp-content/uploads/sites/20/2025/06/PR_2025.06.09_global-religious-change_appendix-b.pdf
南ヨーロッパ,北マケドニア,北西部（テトヴォ周辺）,やや高い,都市内のムスリム居住地区で見られる可能性がある。点は位置の目印で、市全域の着用率や居住範囲を表さない。,MKD-tetovo,119,位置の目印（面積を持たない）,地域別数値は未取得,34.7%,宗教人口・地域分布からの弱い定性推定／着用率未取得,PEW2025; IRF-MKD,https://www.pewresearch.org/wp-content/uploads/sites/20/2025/06/PR_2025.06.09_global-religious-change_appendix-b.pdf; https://2021-2025.state.gov/reports/2023-report-on-international-religious-freedom/north-macedonia/
南ヨーロッパ,セルビア,南西部（ノヴィ・パザル周辺）,やや高い,都市内のムスリム居住地区で見られる可能性がある。点は位置の目印で、市全域の着用率や居住範囲を表さない。,SRB-novi-pazar,120,位置の目印（面積を持たない）,地域別数値は未取得,4.4%,宗教人口・地域分布からの弱い定性推定／着用率未取得,PEW2025,https://www.pewresearch.org/wp-content/uploads/sites/20/2025/06/PR_2025.06.09_global-religious-change_appendix-b.pdf
南ヨーロッパ,モンテネグロ,南東部（アルバニア国境沿いのウルツィニ周辺）,やや高い,都市内のムスリム居住地区で見られる可能性がある。点は位置の目印で、市全域の着用率や居住範囲を表さない。,MNE-ulcinj,121,位置の目印（面積を持たない）,地域別数値は未取得,21.3%,宗教人口・地域分布からの弱い定性推定／着用率未取得,PEW2025; IRF-MNE,https://www.pewresearch.org/wp-content/uploads/sites/20/2025/06/PR_2025.06.09_global-religious-change_appendix-b.pdf; https://2021-2025.state.gov/reports/2023-report-on-international-religious-freedom/montenegro/
東ヨーロッパ,ブルガリア,南部（ギリシャ国境近くの山地・町）,やや高い,ロドピ山地などのムスリム生活圏。高齢女性の一般的な頭布とは区別する。,BGR-south,122,緯度経度で囲った概略,地域別数値は未取得,10.3%,宗教人口・地域分布からの弱い定性推定／着用率未取得,PEW2025; IRF-BGR,https://www.pewresearch.org/wp-content/uploads/sites/20/2025/06/PR_2025.06.09_global-religious-change_appendix-b.pdf; https://2021-2025.state.gov/reports/2023-report-on-international-religious-freedom/bulgaria/
南ヨーロッパ,ギリシャ,北東端（トルコ・ブルガリア国境寄り）,やや高い,西トラキアのムスリム生活圏。ギリシャ本土の他地域とは分けて覚える。,GRC-thrace,123,緯度経度で囲った概略,地域別数値は未取得,5.1%,宗教人口・地域分布からの弱い定性推定／着用率未取得,PEW2025,https://www.pewresearch.org/wp-content/uploads/sites/20/2025/06/PR_2025.06.09_global-religious-change_appendix-b.pdf
東ヨーロッパ,ロシア,南西部（カスピ海西岸～北コーカサス東部）,高い,チェチェン・イングーシ・ダゲスタンの生活圏。国連M49ではロシア全体が東ヨーロッパ。地域ごとに服装差がある。,RUS-caucasus,124,行政区を束ねた概略,地域別数値は未取得,8.2%,服装の質的資料あり／地域の率は未取得,PEW2025; IRF-RUS; PEW_ATTIRE,https://www.pewresearch.org/wp-content/uploads/sites/20/2025/06/PR_2025.06.09_global-religious-change_appendix-b.pdf; https://2021-2025.state.gov/reports/2023-report-on-international-religious-freedom/russia/; https://www.pewresearch.org/religion/2016/04/05/restrictions-on-womens-religious-attire/
東ヨーロッパ,ロシア,西部内陸（カザン周辺、ボルガ川中流）,やや高い,ムスリム生活圏のある別の候補。北コーカサスと同じ高い着用率は想定しない。,RUS-kazan,125,位置の目印（面積を持たない）,地域別数値は未取得,8.2%,宗教人口・地域分布からの弱い定性推定／着用率未取得,PEW2025; IRF-RUS,https://www.pewresearch.org/wp-content/uploads/sites/20/2025/06/PR_2025.06.09_global-religious-change_appendix-b.pdf; https://2021-2025.state.gov/reports/2023-report-on-international-religious-freedom/russia/
北ヨーロッパ,イギリス,南東部ロンドン東部（タワーハムレッツなど）,やや高い,都市内のムスリム居住地区で見られる可能性がある。点は位置の目印で、市全域の着用率や居住範囲を表さない。,GBR-london,126,位置の目印（面積を持たない）,Tower Hamlets: 39.90% (2021年),6.4%,宗教人口・地域分布からの弱い定性推定／着用率未取得,PEW2025; ONS2021,https://www.pewresearch.org/wp-content/uploads/sites/20/2025/06/PR_2025.06.09_global-religious-change_appendix-b.pdf; https://www.ons.gov.uk/peoplepopulationandcommunity/culturalidentity/religion/bulletins/religionenglandandwales/census2021
北ヨーロッパ,イギリス,中部バーミンガムの一部,やや高い,都市内のムスリム居住地区で見られる可能性がある。点は位置の目印で、市全域の着用率や居住範囲を表さない。,GBR-birmingham,127,位置の目印（面積を持たない）,地域別数値は未取得,6.4%,宗教人口・地域分布からの弱い定性推定／着用率未取得,PEW2025; ONS2021,https://www.pewresearch.org/wp-content/uploads/sites/20/2025/06/PR_2025.06.09_global-religious-change_appendix-b.pdf; https://www.ons.gov.uk/peoplepopulationandcommunity/culturalidentity/religion/bulletins/religionenglandandwales/census2021
北ヨーロッパ,イギリス,北部ブラッドフォード周辺,やや高い,都市内のムスリム居住地区で見られる可能性がある。点は位置の目印で、市全域の着用率や居住範囲を表さない。,GBR-bradford,128,位置の目印（面積を持たない）,地域別数値は未取得,6.4%,宗教人口・地域分布からの弱い定性推定／着用率未取得,PEW2025; ONS2021,https://www.pewresearch.org/wp-content/uploads/sites/20/2025/06/PR_2025.06.09_global-religious-change_appendix-b.pdf; https://www.ons.gov.uk/peoplepopulationandcommunity/culturalidentity/religion/bulletins/religionenglandandwales/census2021
北ヨーロッパ,イギリス,北西部ブラックバーン周辺,やや高い,都市内のムスリム居住地区で見られる可能性がある。点は位置の目印で、市全域の着用率や居住範囲を表さない。,GBR-blackburn,129,位置の目印（面積を持たない）,Blackburn with Darwen: 35.00% (2021年),6.4%,宗教人口・地域分布からの弱い定性推定／着用率未取得,PEW2025; ONS2021,https://www.pewresearch.org/wp-content/uploads/sites/20/2025/06/PR_2025.06.09_global-religious-change_appendix-b.pdf; https://www.ons.gov.uk/peoplepopulationandcommunity/culturalidentity/religion/bulletins/religionenglandandwales/census2021
西ヨーロッパ,フランス,北部パリと周辺の一部,やや高い,都市内のムスリム居住地区で見られる可能性がある。点は位置の目印で、市全域の着用率や居住範囲を表さない。,FRA-paris,130,位置の目印（面積を持たない）,地域別数値は未取得,9.1%,服装調査あり（地図の各範囲を直接測定したものではない）,PEW2025; INSEE2020,https://www.pewresearch.org/wp-content/uploads/sites/20/2025/06/PR_2025.06.09_global-religious-change_appendix-b.pdf; https://www.insee.fr/fr/statistiques/6793308
西ヨーロッパ,フランス,南東岸マルセイユの一部,やや高い,都市内のムスリム居住地区で見られる可能性がある。点は位置の目印で、市全域の着用率や居住範囲を表さない。,FRA-marseille,131,位置の目印（面積を持たない）,地域別数値は未取得,9.1%,服装調査あり（地図の各範囲を直接測定したものではない）,PEW2025; INSEE2020,https://www.pewresearch.org/wp-content/uploads/sites/20/2025/06/PR_2025.06.09_global-religious-change_appendix-b.pdf; https://www.insee.fr/fr/statistiques/6793308
西ヨーロッパ,ドイツ,西部（ルール地方の都市部の一部）,やや高い,都市内のムスリム居住地区で見られる可能性がある。点は位置の目印で、市全域の着用率や居住範囲を表さない。,DEU-ruhr,132,位置の目印（面積を持たない）,地域別数値は未取得,6.5%,服装調査あり（地図の各範囲を直接測定したものではない）,PEW2025; BAMF2020,https://www.pewresearch.org/wp-content/uploads/sites/20/2025/06/PR_2025.06.09_global-religious-change_appendix-b.pdf; https://www.bamf.de/SharedDocs/Anlagen/DE/Forschung/Forschungsberichte/fb38-muslimisches-leben.html
西ヨーロッパ,ドイツ,北東部ベルリンの一部,やや高い,都市内のムスリム居住地区で見られる可能性がある。点は位置の目印で、市全域の着用率や居住範囲を表さない。,DEU-berlin,133,位置の目印（面積を持たない）,地域別数値は未取得,6.5%,服装調査あり（地図の各範囲を直接測定したものではない）,PEW2025; BAMF2020,https://www.pewresearch.org/wp-content/uploads/sites/20/2025/06/PR_2025.06.09_global-religious-change_appendix-b.pdf; https://www.bamf.de/SharedDocs/Anlagen/DE/Forschung/Forschungsberichte/fb38-muslimisches-leben.html
西ヨーロッパ,オランダ,西部ロッテルダムの一部,やや高い,都市内のムスリム居住地区で見られる可能性がある。点は位置の目印で、市全域の着用率や居住範囲を表さない。,NLD-rotterdam,134,位置の目印（面積を持たない）,地域別数値は未取得,5.5%,宗教人口・地域分布からの弱い定性推定／着用率未取得,PEW2025; FRA2024,https://www.pewresearch.org/wp-content/uploads/sites/20/2025/06/PR_2025.06.09_global-religious-change_appendix-b.pdf; https://fra.europa.eu/en/publication/2024/being-muslim-eu
西ヨーロッパ,オランダ,西部アムステルダムの一部,やや高い,都市内のムスリム居住地区で見られる可能性がある。点は位置の目印で、市全域の着用率や居住範囲を表さない。,NLD-amsterdam,135,位置の目印（面積を持たない）,地域別数値は未取得,5.5%,宗教人口・地域分布からの弱い定性推定／着用率未取得,PEW2025; FRA2024,https://www.pewresearch.org/wp-content/uploads/sites/20/2025/06/PR_2025.06.09_global-religious-change_appendix-b.pdf; https://fra.europa.eu/en/publication/2024/being-muslim-eu
西ヨーロッパ,ベルギー,中部ブリュッセルの一部,やや高い,都市内のムスリム居住地区で見られる可能性がある。点は位置の目印で、市全域の着用率や居住範囲を表さない。,BEL-brussels,136,位置の目印（面積を持たない）,地域別数値は未取得,6.8%,宗教人口・地域分布からの弱い定性推定／着用率未取得,PEW2025; FRA2024,https://www.pewresearch.org/wp-content/uploads/sites/20/2025/06/PR_2025.06.09_global-religious-change_appendix-b.pdf; https://fra.europa.eu/en/publication/2024/being-muslim-eu
北ヨーロッパ,スウェーデン,最南部マルメの一部,やや高い,都市内のムスリム居住地区で見られる可能性がある。点は位置の目印で、市全域の着用率や居住範囲を表さない。,SWE-malmo,137,位置の目印（面積を持たない）,地域別数値は未取得,8.1%,宗教人口・地域分布からの弱い定性推定／着用率未取得,PEW2025; FRA2024,https://www.pewresearch.org/wp-content/uploads/sites/20/2025/06/PR_2025.06.09_global-religious-change_appendix-b.pdf; https://fra.europa.eu/en/publication/2024/being-muslim-eu
北ヨーロッパ,スウェーデン,東岸ストックホルムの一部,やや高い,都市内のムスリム居住地区で見られる可能性がある。点は位置の目印で、市全域の着用率や居住範囲を表さない。,SWE-stockholm,138,位置の目印（面積を持たない）,地域別数値は未取得,8.1%,宗教人口・地域分布からの弱い定性推定／着用率未取得,PEW2025; FRA2024,https://www.pewresearch.org/wp-content/uploads/sites/20/2025/06/PR_2025.06.09_global-religious-change_appendix-b.pdf; https://fra.europa.eu/en/publication/2024/being-muslim-eu
北ヨーロッパ,デンマーク,東部コペンハーゲンの一部,やや高い,都市内のムスリム居住地区で見られる可能性がある。点は位置の目印で、市全域の着用率や居住範囲を表さない。,DNK-copenhagen,139,位置の目印（面積を持たない）,地域別数値は未取得,4.2%,宗教人口・地域分布からの弱い定性推定／着用率未取得,PEW2025; FRA2024,https://www.pewresearch.org/wp-content/uploads/sites/20/2025/06/PR_2025.06.09_global-religious-change_appendix-b.pdf; https://fra.europa.eu/en/publication/2024/being-muslim-eu
西ヨーロッパ,オーストリア,東部ウィーンの一部,やや高い,都市内のムスリム居住地区で見られる可能性がある。点は位置の目印で、市全域の着用率や居住範囲を表さない。,AUT-vienna,140,位置の目印（面積を持たない）,地域別数値は未取得,8.3%,宗教人口・地域分布からの弱い定性推定／着用率未取得,PEW2025; FRA2024,https://www.pewresearch.org/wp-content/uploads/sites/20/2025/06/PR_2025.06.09_global-religious-change_appendix-b.pdf; https://fra.europa.eu/en/publication/2024/being-muslim-eu
南ヨーロッパ,イタリア,北部ミラノの一部,やや高い,都市内のムスリム居住地区で見られる可能性がある。点は位置の目印で、市全域の着用率や居住範囲を表さない。,ITA-milan,141,位置の目印（面積を持たない）,地域別数値は未取得,4.4%,宗教人口・地域分布からの弱い定性推定／着用率未取得,PEW2025; FRA2024,https://www.pewresearch.org/wp-content/uploads/sites/20/2025/06/PR_2025.06.09_global-religious-change_appendix-b.pdf; https://fra.europa.eu/en/publication/2024/being-muslim-eu
南ヨーロッパ,スペイン,北東部バルセロナの一部,やや高い,都市内のムスリム居住地区で見られる可能性がある。点は位置の目印で、市全域の着用率や居住範囲を表さない。,ESP-barcelona,142,位置の目印（面積を持たない）,地域別数値は未取得,3.6%,宗教人口・地域分布からの弱い定性推定／着用率未取得,PEW2025; FRA2024,https://www.pewresearch.org/wp-content/uploads/sites/20/2025/06/PR_2025.06.09_global-religious-change_appendix-b.pdf; https://fra.europa.eu/en/publication/2024/being-muslim-eu
南ヨーロッパ,スペイン,アフリカ側の飛び地セウタ,やや高い,都市内のムスリム居住地区で見られる可能性がある。点は位置の目印で、市全域の着用率や居住範囲を表さない。,ESP-ceuta,143,位置の目印（面積を持たない）,地域別数値は未取得,3.6%,宗教人口・地域分布からの弱い定性推定／着用率未取得,PEW2025,https://www.pewresearch.org/wp-content/uploads/sites/20/2025/06/PR_2025.06.09_global-religious-change_appendix-b.pdf
南ヨーロッパ,スペイン,アフリカ側の飛び地メリリャ,やや高い,都市内のムスリム居住地区で見られる可能性がある。点は位置の目印で、市全域の着用率や居住範囲を表さない。,ESP-melilla,144,位置の目印（面積を持たない）,地域別数値は未取得,3.6%,宗教人口・地域分布からの弱い定性推定／着用率未取得,PEW2025,https://www.pewresearch.org/wp-content/uploads/sites/20/2025/06/PR_2025.06.09_global-religious-change_appendix-b.pdf
北アメリカ,カナダ,南東部トロントの一部,やや高い,トロント市の私的世帯人口でムスリム9.6%（2021年）。カナダの2016年調査ではムスリム女性48%がヒジャブを着用と回答。,CAN-toronto,145,位置の目印（面積を持たない）,Toronto city: 9.60% (2021年),4.9%,服装調査あり（地図の各範囲を直接測定したものではない）,STATCAN2021; ENVIRONICS2016; PEW2025,https://www.statcan.gc.ca/o1/en/plus/7238-ethnocultural-diversity-canadian-cities; https://www.environicsinstitute.org/docs/default-source/project-documents/survey-of-muslims-in-canada-2016/final-report.pdf; https://www.pewresearch.org/wp-content/uploads/sites/20/2025/06/PR_2025.06.09_global-religious-change_appendix-b.pdf
北アメリカ,カナダ,南東部モントリオールの一部,やや高い,都市内のムスリム居住地区で見られる可能性がある。点は位置の目印で、市全域の着用率や居住範囲を表さない。,CAN-montreal,146,位置の目印（面積を持たない）,地域別数値は未取得,4.9%,服装調査あり（地図の各範囲を直接測定したものではない）,PEW2025; STATCAN2021; ENVIRONICS2016,https://www.pewresearch.org/wp-content/uploads/sites/20/2025/06/PR_2025.06.09_global-religious-change_appendix-b.pdf; https://www.statcan.gc.ca/o1/en/plus/7238-ethnocultural-diversity-canadian-cities; https://www.environicsinstitute.org/docs/default-source/project-documents/survey-of-muslims-in-canada-2016/final-report.pdf
北アメリカ,アメリカ合衆国,北東寄りの五大湖周辺（デトロイト西郊など）,やや高い,都市内のムスリム居住地区で見られる可能性がある。点は位置の目印で、市全域の着用率や居住範囲を表さない。,USA-detroit,147,位置の目印（面積を持たない）,地域別数値は未取得,1.2%,服装調査あり（地図の各範囲を直接測定したものではない）,PEW2025; PEW_US2017,https://www.pewresearch.org/wp-content/uploads/sites/20/2025/06/PR_2025.06.09_global-religious-change_appendix-b.pdf; https://www.pewresearch.org/religion/2017/07/26/religious-beliefs-and-practices/
北アメリカ,アメリカ合衆国,北部内陸ミネアポリスの一部,やや高い,都市内のムスリム居住地区で見られる可能性がある。点は位置の目印で、市全域の着用率や居住範囲を表さない。,USA-minneapolis,148,位置の目印（面積を持たない）,地域別数値は未取得,1.2%,服装調査あり（地図の各範囲を直接測定したものではない）,PEW2025; PEW_US2017,https://www.pewresearch.org/wp-content/uploads/sites/20/2025/06/PR_2025.06.09_global-religious-change_appendix-b.pdf; https://www.pewresearch.org/religion/2017/07/26/religious-beliefs-and-practices/
北アメリカ,アメリカ合衆国,北東岸ニューヨークの一部,やや高い,都市内のムスリム居住地区で見られる可能性がある。点は位置の目印で、市全域の着用率や居住範囲を表さない。,USA-new-york,149,位置の目印（面積を持たない）,地域別数値は未取得,1.2%,服装調査あり（地図の各範囲を直接測定したものではない）,PEW2025; PEW_US2017,https://www.pewresearch.org/wp-content/uploads/sites/20/2025/06/PR_2025.06.09_global-religious-change_appendix-b.pdf; https://www.pewresearch.org/religion/2017/07/26/religious-beliefs-and-practices/
南アメリカ,スリナム,北部海岸（パラマリボ周辺）,やや高い,ムスリム生活圏のある南米の候補。国の大部分を占める内陸森林を同色にしない。,SUR-paramaribo,150,位置の目印（面積を持たない）,地域別数値は未取得,13.1%,宗教人口・地域分布からの弱い定性推定／着用率未取得,PEW2025,https://www.pewresearch.org/wp-content/uploads/sites/20/2025/06/PR_2025.06.09_global-religious-change_appendix-b.pdf
南アメリカ,ガイアナ,北東部海岸（ジョージタウン周辺）,やや高い,都市内のムスリム居住地区で見られる可能性がある。点は位置の目印で、市全域の着用率や居住範囲を表さない。,GUY-georgetown,151,位置の目印（面積を持たない）,地域別数値は未取得,6.5%,宗教人口・地域分布からの弱い定性推定／着用率未取得,PEW2025,https://www.pewresearch.org/wp-content/uploads/sites/20/2025/06/PR_2025.06.09_global-religious-change_appendix-b.pdf
カリブ海,トリニダード・トバゴ,トリニダード島の中西部（チャグアナス周辺）,やや高い,都市内のムスリム居住地区で見られる可能性がある。点は位置の目印で、市全域の着用率や居住範囲を表さない。,TTO-chaguanas,152,位置の目印（面積を持たない）,地域別数値は未取得,5.5%,宗教人口・地域分布からの弱い定性推定／着用率未取得,PEW2025,https://www.pewresearch.org/wp-content/uploads/sites/20/2025/06/PR_2025.06.09_global-religious-change_appendix-b.pdf
オーストラリア・ニュージーランド,オーストラリア,南東岸シドニーの西部・南西部の一部,やや高い,グレーター・シドニーのムスリム人口6.3%（2021年）は都市圏全体の値。着用率ではない。,AUS-sydney,153,位置の目印（面積を持たない）,Greater Sydney: 6.30% (2021年),3.5%,宗教人口・地域分布からの弱い定性推定／着用率未取得,ABS2021; PEW2025,https://www.abs.gov.au/census/find-census-data/quickstats/2021/1GSYD; https://www.pewresearch.org/wp-content/uploads/sites/20/2025/06/PR_2025.06.09_global-religious-change_appendix-b.pdf
オーストラリア・ニュージーランド,オーストラリア,南東部メルボルン北部などの一部,やや高い,都市内のムスリム居住地区で見られる可能性がある。点は位置の目印で、市全域の着用率や居住範囲を表さない。,AUS-melbourne,154,位置の目印（面積を持たない）,地域別数値は未取得,3.5%,宗教人口・地域分布からの弱い定性推定／着用率未取得,PEW2025; ABS2021,https://www.pewresearch.org/wp-content/uploads/sites/20/2025/06/PR_2025.06.09_global-religious-change_appendix-b.pdf; https://www.abs.gov.au/census/find-census-data/quickstats/2021/1GSYD
オーストラリア・ニュージーランド,ニュージーランド,北島北部オークランドの一部,やや高い,都市内のムスリム居住地区で見られる可能性がある。点は位置の目印で、市全域の着用率や居住範囲を表さない。,NZL-auckland,155,位置の目印（面積を持たない）,地域別数値は未取得,1.4%,宗教人口・地域分布からの弱い定性推定／着用率未取得,PEW2025,https://www.pewresearch.org/wp-content/uploads/sites/20/2025/06/PR_2025.06.09_global-religious-change_appendix-b.pdf
メラネシア,フィジー,ビティレブ島西部（ラウトカ周辺）,やや高い,都市内のムスリム居住地区で見られる可能性がある。点は位置の目印で、市全域の着用率や居住範囲を表さない。,FJI-lautoka,156,位置の目印（面積を持たない）,地域別数値は未取得,5.8%,宗教人口・地域分布からの弱い定性推定／着用率未取得,PEW2025,https://www.pewresearch.org/wp-content/uploads/sites/20/2025/06/PR_2025.06.09_global-religious-change_appendix-b.pdf
