area,state_code,district_code,year,population,muslims,muslim_percent,women,muslim_women,source_id,input_file
State - JAMMU & KASHMIR,01,000,2011,12541302,8567485,68.3142,5900640,4138711,IND_C01,india-c01.xls
District - Kupwara,01,001,2011,870354,823286,94.5921,396164,392765,IND_C01,india-c01-01.xls
District - Badgam,01,002,2011,753745,736054,97.6529,355704,351773,IND_C01,india-c01-01.xls
District - Leh(Ladakh),01,003,2011,133487,19057,14.2763,54516,8564,IND_C01,india-c01-01.xls
District - Kargil,01,004,2011,140802,108239,76.8732,63017,52477,IND_C01,india-c01-01.xls
District - Punch,01,005,2011,476835,431279,90.4462,224936,210643,IND_C01,india-c01-01.xls
District - Rajouri,01,006,2011,642415,402879,62.7132,297064,193331,IND_C01,india-c01-01.xls
District - Kathua,01,007,2011,616435,64234,10.4202,290326,30506,IND_C01,india-c01-01.xls
District - Baramula,01,008,2011,1008039,959185,95.1536,473306,463751,IND_C01,india-c01-01.xls
District - Bandipore,01,009,2011,392232,382006,97.3929,184552,183684,IND_C01,india-c01-01.xls
District - Srinagar,01,010,2011,1236829,1177342,95.1904,585705,572098,IND_C01,india-c01-01.xls
District - Ganderbal,01,011,2011,297446,290581,97.692,138726,138010,IND_C01,india-c01-01.xls
District - Pulwama,01,012,2011,560440,535159,95.4891,267376,261055,IND_C01,india-c01-01.xls
District - Shupiyan,01,013,2011,266215,262263,98.5155,129735,129030,IND_C01,india-c01-01.xls
District - Anantnag,01,014,2011,1078692,1057005,97.9895,518925,514334,IND_C01,india-c01-01.xls
District - Kulgam,01,015,2011,424483,418076,98.4906,206863,205007,IND_C01,india-c01-01.xls
District - Doda,01,016,2011,409936,220614,53.8167,196295,106242,IND_C01,india-c01-01.xls
District - Ramban,01,017,2011,283713,200516,70.6756,134581,96438,IND_C01,india-c01-01.xls
District - Kishtwar,01,018,2011,230696,133225,57.7492,110531,64570,IND_C01,india-c01-01.xls
District - Udhampur,01,019,2011,554985,59771,10.7698,258201,28552,IND_C01,india-c01-01.xls
District - Reasi,01,020,2011,314667,156275,49.6636,148206,74677,IND_C01,india-c01-01.xls
District - Jammu,01,021,2011,1529958,107489,7.0256,716137,50562,IND_C01,india-c01-01.xls
District - Samba,01,022,2011,318898,22950,7.1967,149774,10642,IND_C01,india-c01-01.xls
State - NCT OF DELHI,07,000,2011,16787941,2158684,12.8585,7800615,994750,IND_C01,india-c01.xls
District - North West,07,090,2011,3656539,291330,7.9674,1695617,133419,IND_C01,india-c01-07.xls
District - North,07,091,2011,887978,119792,13.4904,412976,56035,IND_C01,india-c01-07.xls
District - North East,07,092,2011,2241624,657585,29.3352,1053199,312022,IND_C01,india-c01-07.xls
District - East,07,093,2011,1709346,178807,10.4606,801846,82188,IND_C01,india-c01-07.xls
District - New Delhi,07,094,2011,142004,8480,5.9717,64062,3586,IND_C01,india-c01-07.xls
District - Central,07,095,2011,582320,194278,33.3628,274499,91655,IND_C01,india-c01-07.xls
District - West,07,096,2011,2543243,149807,5.8904,1187003,66133,IND_C01,india-c01-07.xls
District - South West,07,097,2011,2292958,112691,4.9147,1046912,47200,IND_C01,india-c01-07.xls
District - South,07,098,2011,2731929,445914,16.3223,1264501,202512,IND_C01,india-c01-07.xls
State - ASSAM,18,000,2011,31205576,10679345,34.2226,15266133,5215952,IND_C01,india-c01.xls
District - Kokrajhar,18,300,2011,887142,252271,28.4364,434237,123270,IND_C01,india-c01-18.xls
District - Dhubri,18,301,2011,1949258,1553023,79.6725,951410,759422,IND_C01,india-c01-18.xls
District - Goalpara,18,302,2011,1008183,579929,57.5222,494891,283270,IND_C01,india-c01-18.xls
District - Barpeta,18,303,2011,1693622,1198036,70.7381,826618,581360,IND_C01,india-c01-18.xls
District - Morigaon,18,304,2011,957423,503257,52.5637,470772,246171,IND_C01,india-c01-18.xls
District - Nagaon,18,305,2011,2823768,1563203,55.3588,1384656,765909,IND_C01,india-c01-18.xls
District - Sonitpur,18,306,2011,1924110,350536,18.2181,940206,171464,IND_C01,india-c01-18.xls
District - Lakhimpur,18,307,2011,1042137,193476,18.5653,512463,95175,IND_C01,india-c01-18.xls
District - Dhemaji,18,308,2011,686133,13475,1.9639,334884,6462,IND_C01,india-c01-18.xls
District - Tinsukia,18,309,2011,1327929,48373,3.6427,647698,23009,IND_C01,india-c01-18.xls
District - Dibrugarh,18,310,2011,1326335,64526,4.865,649901,31583,IND_C01,india-c01-18.xls
District - Sivasagar,18,311,2011,1151050,95553,8.3014,561834,46721,IND_C01,india-c01-18.xls
District - Jorhat,18,312,2011,1092256,54684,5.0065,535451,26733,IND_C01,india-c01-18.xls
District - Golaghat,18,313,2011,1066888,90312,8.465,523727,44298,IND_C01,india-c01-18.xls
District - Karbi Anglong,18,314,2011,956313,20290,2.1217,466146,9717,IND_C01,india-c01-18.xls
District - Dima Hasao,18,315,2011,214102,4358,2.0355,103300,1943,IND_C01,india-c01-18.xls
District - Cachar,18,316,2011,1736617,654816,37.7064,850333,321533,IND_C01,india-c01-18.xls
District - Karimganj,18,317,2011,1228686,692489,56.3601,602822,341228,IND_C01,india-c01-18.xls
District - Hailakandi,18,318,2011,659296,397653,60.3148,321406,193232,IND_C01,india-c01-18.xls
District - Bongaigaon,18,319,2011,738804,371033,50.2208,362986,180360,IND_C01,india-c01-18.xls
District - Chirang,18,320,2011,482162,109248,22.6579,237302,53626,IND_C01,india-c01-18.xls
District - Kamrup,18,321,2011,1517542,601784,39.6552,739081,292443,IND_C01,india-c01-18.xls
District - Kamrup Metropolitan,18,322,2011,1253938,151071,12.0477,606353,72682,IND_C01,india-c01-18.xls
District - Nalbari,18,323,2011,771639,277488,35.9609,375633,134465,IND_C01,india-c01-18.xls
District - Baksa,18,324,2011,950075,135750,14.2883,468745,66102,IND_C01,india-c01-18.xls
District - Darrang,18,325,2011,928500,597392,64.3395,453227,292107,IND_C01,india-c01-18.xls
District - Udalguri,18,326,2011,831668,105319,12.6636,410051,51667,IND_C01,india-c01-18.xls
State - WEST BENGAL,19,000,2011,91276115,24654825,27.0113,44467088,12014733,IND_C01,india-c01.xls
District - Darjiling,19,327,2011,1846823,105086,5.6901,909564,50402,IND_C01,india-c01-19.xls
District - Jalpaiguri,19,328,2011,3872846,445817,11.5114,1889782,217808,IND_C01,india-c01-19.xls
District - Koch Bihar,19,329,2011,2819086,720033,25.5414,1367544,350650,IND_C01,india-c01-19.xls
District - Uttar Dinajpur,19,330,2011,3007134,1501170,49.9203,1456068,729972,IND_C01,india-c01-19.xls
District - Dakshin Dinajpur,19,331,2011,1676276,412788,24.6253,819077,201438,IND_C01,india-c01-19.xls
District - Maldah,19,332,2011,3988845,2045151,51.2718,1937304,997513,IND_C01,india-c01-19.xls
District - Murshidabad,19,333,2011,7103807,4707573,66.2683,3476243,2310324,IND_C01,india-c01-19.xls
District - Birbhum,19,334,2011,3502404,1298054,37.0618,1711484,634124,IND_C01,india-c01-19.xls
District - Barddhaman,19,335,2011,7717563,1599764,20.7289,3750674,777806,IND_C01,india-c01-19.xls
District - Nadia,19,336,2011,5167600,1382682,26.7568,2513832,675301,IND_C01,india-c01-19.xls
District - North Twenty Four Parganas,19,337,2011,10009781,2584684,25.8216,4890392,1257870,IND_C01,india-c01-19.xls
District - Hugli,19,338,2011,5519145,870204,15.767,2704492,427172,IND_C01,india-c01-19.xls
District - Bankura,19,339,2011,3596674,290450,8.0755,1758579,141147,IND_C01,india-c01-19.xls
District - Puruliya,19,340,2011,2930115,227249,7.7556,1433119,110454,IND_C01,india-c01-19.xls
District - Haora,19,341,2011,4850029,1270641,26.1986,2349210,615413,IND_C01,india-c01-19.xls
District - Kolkata,19,342,2011,4496694,926414,20.6021,2139928,428421,IND_C01,india-c01-19.xls
District - South Twenty Four Parganas,19,343,2011,8161961,2903075,35.5684,3988183,1424674,IND_C01,india-c01-19.xls
District - Paschim Medinipur,19,344,2011,5913457,620554,10.4939,2905572,303454,IND_C01,india-c01-19.xls
District - Purba Medinipur,19,345,2011,5095875,743436,14.589,2466041,360790,IND_C01,india-c01-19.xls
State - MAHARASHTRA,27,000,2011,112374333,12971152,11.5428,54131277,6182025,IND_C01,india-c01.xls
District - Nandurbar,27,497,2011,1648295,96182,5.8352,815125,42981,IND_C01,india-c01-27.xls
District - Dhule,27,498,2011,2050862,187901,9.162,996831,92556,IND_C01,india-c01-27.xls
District - Jalgaon,27,499,2011,4229917,560261,13.2452,2032552,273958,IND_C01,india-c01-27.xls
District - Buldana,27,500,2011,2586258,354236,13.6969,1248698,171644,IND_C01,india-c01-27.xls
District - Akola,27,501,2011,1813906,357253,19.6952,881572,173902,IND_C01,india-c01-27.xls
District - Washim,27,502,2011,1197160,142672,11.9175,576858,69631,IND_C01,india-c01-27.xls
District - Amravati,27,503,2011,2888445,421410,14.5895,1407677,205044,IND_C01,india-c01-27.xls
District - Wardha,27,504,2011,1300774,53854,4.1402,632389,26278,IND_C01,india-c01-27.xls
District - Nagpur,27,505,2011,4653570,390974,8.4016,2268595,190682,IND_C01,india-c01-27.xls
District - Bhandara,27,506,2011,1200334,26502,2.2079,594814,12978,IND_C01,india-c01-27.xls
District - Gondiya,27,507,2011,1322507,26157,1.9778,660953,13087,IND_C01,india-c01-27.xls
District - Gadchiroli,27,508,2011,1072942,21063,1.9631,531614,10602,IND_C01,india-c01-27.xls
District - Chandrapur,27,509,2011,2204307,92297,4.1871,1080473,45557,IND_C01,india-c01-27.xls
District - Yavatmal,27,510,2011,2772348,239236,8.6294,1352383,117228,IND_C01,india-c01-27.xls
District - Nanded,27,511,2011,3361292,471951,14.0408,1631217,230037,IND_C01,india-c01-27.xls
District - Hingoli,27,512,2011,1177345,127552,10.8339,571051,62450,IND_C01,india-c01-27.xls
District - Parbhani,27,513,2011,1836086,306364,16.6857,893216,150443,IND_C01,india-c01-27.xls
District - Jalna,27,514,2011,1959046,274221,13.9977,947573,133805,IND_C01,india-c01-27.xls
District - Aurangabad,27,515,2011,3701282,786677,21.2542,1776813,382171,IND_C01,india-c01-27.xls
District - Nashik,27,516,2011,6107187,693052,11.3481,2950001,339150,IND_C01,india-c01-27.xls
District - Thane,27,517,2011,11060148,1355630,12.2569,5195070,616557,IND_C01,india-c01-27.xls
District - Mumbai Suburban,27,518,2011,9356962,1795788,19.192,4325639,814956,IND_C01,india-c01-27.xls
District - Mumbai,27,519,2011,3085411,773173,25.059,1400803,331525,IND_C01,india-c01-27.xls
District - Raigarh,27,520,2011,2634200,227465,8.6351,1289855,111950,IND_C01,india-c01-27.xls
District - Pune,27,521,2011,9429408,673704,7.1447,4505303,320947,IND_C01,india-c01-27.xls
District - Ahmadnagar,27,522,2011,4543159,320743,7.0599,2200334,157311,IND_C01,india-c01-27.xls
District - Bid,27,523,2011,2585049,320395,12.3942,1235943,155990,IND_C01,india-c01-27.xls
District - Latur,27,524,2011,2454196,367664,14.981,1181056,178462,IND_C01,india-c01-27.xls
District - Osmanabad,27,525,2011,1657576,178925,10.7944,796041,87281,IND_C01,india-c01-27.xls
District - Solapur,27,526,2011,4317756,441254,10.2195,2089904,217298,IND_C01,india-c01-27.xls
District - Satara,27,527,2011,3003741,146970,4.8929,1492899,72577,IND_C01,india-c01-27.xls
District - Ratnagiri,27,528,2011,1615069,187197,11.5907,853948,99333,IND_C01,india-c01-27.xls
District - Sindhudurg,27,529,2011,849651,26264,3.0912,432319,13129,IND_C01,india-c01-27.xls
District - Kolhapur,27,530,2011,3876001,286558,7.3931,1895343,141611,IND_C01,india-c01-27.xls
District - Sangli,27,531,2011,2822143,239607,8.4903,1386415,118914,IND_C01,india-c01-27.xls
State - KARNATAKA,29,000,2011,61095297,7893065,12.9193,30128640,3885194,IND_C01,india-c01.xls
District - Belgaum,29,555,2011,4779661,528412,11.0554,2356598,260790,IND_C01,india-c01-29.xls
District - Bagalkot,29,556,2011,1889752,219991,11.6413,939641,109165,IND_C01,india-c01-29.xls
District - Bijapur,29,557,2011,2177331,369588,16.9744,1066309,181872,IND_C01,india-c01-29.xls
District - Bidar,29,558,2011,1703300,335184,19.6785,832635,162196,IND_C01,india-c01-29.xls
District - Raichur,29,559,2011,1928812,272022,14.1031,964301,134745,IND_C01,india-c01-29.xls
District - Koppal,29,560,2011,1389920,161770,11.6388,689994,80397,IND_C01,india-c01-29.xls
District - Gadag,29,561,2011,1064570,143665,13.4951,527423,71438,IND_C01,india-c01-29.xls
District - Dharwad,29,562,2011,1847023,386834,20.9436,909817,190832,IND_C01,india-c01-29.xls
District - Uttara Kannada,29,563,2011,1437169,187974,13.0795,710913,93943,IND_C01,india-c01-29.xls
District - Haveri,29,564,2011,1597668,297927,18.6476,778540,145396,IND_C01,india-c01-29.xls
District - Bellary,29,565,2011,2452595,320834,13.0814,1215641,158798,IND_C01,india-c01-29.xls
District - Chitradurga,29,566,2011,1659456,128751,7.7586,818613,63717,IND_C01,india-c01-29.xls
District - Davanagere,29,567,2011,1945497,265805,13.6626,959097,131284,IND_C01,india-c01-29.xls
District - Shimoga,29,568,2011,1752753,234664,13.3883,875338,115832,IND_C01,india-c01-29.xls
District - Udupi,29,569,2011,1177361,96740,8.2167,615230,49965,IND_C01,india-c01-29.xls
District - Chikmagalur,29,570,2011,1137961,101235,8.8962,571339,50563,IND_C01,india-c01-29.xls
District - Tumkur,29,571,2011,2678980,245923,9.1797,1328386,121973,IND_C01,india-c01-29.xls
District - Bangalore,29,572,2011,9621551,1248294,12.9739,4598890,599966,IND_C01,india-c01-29.xls
District - Mandya,29,573,2011,1805769,77801,4.3085,900684,38801,IND_C01,india-c01-29.xls
District - Hassan,29,574,2011,1776421,120011,6.7558,892754,59829,IND_C01,india-c01-29.xls
District - Dakshina Kannada,29,575,2011,2089649,501896,24.0182,1054935,251681,IND_C01,india-c01-29.xls
District - Kodagu,29,576,2011,554519,87274,15.7387,279911,43437,IND_C01,india-c01-29.xls
District - Mysore,29,577,2011,3001127,290549,9.6813,1489527,144450,IND_C01,india-c01-29.xls
District - Chamarajanagar,29,578,2011,1020791,47210,4.6248,508560,23316,IND_C01,india-c01-29.xls
District - Gulbarga,29,579,2011,2566326,513125,19.9945,1264571,252237,IND_C01,india-c01-29.xls
District - Yadgir,29,580,2011,1174271,155340,13.2286,583942,77119,IND_C01,india-c01-29.xls
District - Kolar,29,581,2011,1536401,199873,13.0092,760005,98006,IND_C01,india-c01-29.xls
District - Chikkaballapura,29,582,2011,1255104,147810,11.7767,618667,72905,IND_C01,india-c01-29.xls
District - Bangalore Rural,29,583,2011,990923,92252,9.3097,481751,44571,IND_C01,india-c01-29.xls
District - Ramanagara,29,584,2011,1082636,114311,10.5586,534628,55970,IND_C01,india-c01-29.xls
State - KERALA,32,000,2011,33406061,8873472,26.5625,17378649,4697217,IND_C01,india-c01.xls
District - Kasaragod,32,588,2011,1307375,486913,37.2436,678762,257947,IND_C01,india-c01-32.xls
District - Kannur,32,589,2011,2523003,742483,29.4285,1341557,407260,IND_C01,india-c01-32.xls
District - Wayanad,32,590,2011,817420,234185,28.6493,415736,121801,IND_C01,india-c01-32.xls
District - Kozhikode,32,591,2011,3086293,1211131,39.2423,1615351,646642,IND_C01,india-c01-32.xls
District - Malappuram,32,592,2011,4112920,2888849,70.2384,2152592,1527278,IND_C01,india-c01-32.xls
District - Palakkad,32,593,2011,2809934,812936,28.9308,1450456,425592,IND_C01,india-c01-32.xls
District - Thrissur,32,594,2011,3121200,532839,17.0716,1640437,290832,IND_C01,india-c01-32.xls
District - Ernakulam,32,595,2011,3282388,514397,15.6714,1662831,259441,IND_C01,india-c01-32.xls
District - Idukki,32,596,2011,1108974,82206,7.4128,556166,41387,IND_C01,india-c01-32.xls
District - Kottayam,32,597,2011,1974551,126499,6.4065,1006262,64036,IND_C01,india-c01-32.xls
District - Alappuzha,32,598,2011,2127789,224545,10.553,1114647,116889,IND_C01,india-c01-32.xls
District - Pathanamthitta,32,599,2011,1197412,55074,4.5994,635696,28944,IND_C01,india-c01-32.xls
District - Kollam,32,600,2011,2635375,508500,19.2952,1388407,269781,IND_C01,india-c01-32.xls
District - Thiruvananthapuram,32,601,2011,3301427,452915,13.7188,1719749,239387,IND_C01,india-c01-32.xls
INDIA,00,000,2011,1210854977,172245158,14.2251,587584719,83971213,IND_C01,india-c01.xls
State - HIMACHAL PRADESH,02,000,2011,6864602,149881,2.1834,3382729,69118,IND_C01,india-c01.xls
State - PUNJAB,03,000,2011,27743338,535489,1.9302,13103873,247955,IND_C01,india-c01.xls
State - CHANDIGARH,04,000,2011,1055450,51447,4.8744,474787,21558,IND_C01,india-c01.xls
State - UTTARAKHAND,05,000,2011,10086292,1406825,13.9479,4948519,666768,IND_C01,india-c01.xls
State - HARYANA,06,000,2011,25351462,1781342,7.0266,11856728,841315,IND_C01,india-c01.xls
State - RAJASTHAN,08,000,2011,68548437,6215377,9.0671,32997440,3021847,IND_C01,india-c01.xls
State - UTTAR PRADESH,09,000,2011,199812341,38483967,19.2601,95331831,18616653,IND_C01,india-c01.xls
State - BIHAR,10,000,2011,104099452,17557809,16.8664,49821295,8513723,IND_C01,india-c01.xls
State - SIKKIM,11,000,2011,610577,9867,1.616,287507,3331,IND_C01,india-c01.xls
State - ARUNACHAL PRADESH,12,000,2011,1383727,27045,1.9545,669815,11492,IND_C01,india-c01.xls
State - NAGALAND,13,000,2011,1978502,48963,2.4748,953853,20436,IND_C01,india-c01.xls
State - MANIPUR,14,000,2011,2855794,239836,8.3982,1417208,119432,IND_C01,india-c01.xls
State - MIZORAM,15,000,2011,1097206,14832,1.3518,541867,5282,IND_C01,india-c01.xls
State - TRIPURA,16,000,2011,3673917,316042,8.6023,1799541,155112,IND_C01,india-c01.xls
State - MEGHALAYA,17,000,2011,2966889,130399,4.3951,1475057,62572,IND_C01,india-c01.xls
State - JHARKHAND,20,000,2011,32988134,4793994,14.5325,16057819,2326775,IND_C01,india-c01.xls
State - ODISHA,21,000,2011,41974218,911670,2.172,20762082,445678,IND_C01,india-c01.xls
State - CHHATTISGARH,22,000,2011,25545198,514998,2.016,12712303,251164,IND_C01,india-c01.xls
State - MADHYA PRADESH,23,000,2011,72626809,4774695,6.5743,35014503,2319863,IND_C01,india-c01.xls
State - GUJARAT,24,000,2011,60439692,5846761,9.6737,28948432,2839540,IND_C01,india-c01.xls
State - DAMAN & DIU,25,000,2011,243247,19277,7.9249,92946,7930,IND_C01,india-c01.xls
State - DADRA & NAGAR HAVELI,26,000,2011,343709,12922,3.7596,149949,5221,IND_C01,india-c01.xls
State - ANDHRA PRADESH,28,000,2011,84580777,8082412,9.5558,42138631,3996499,IND_C01,india-c01.xls
State - GOA,30,000,2011,1458545,121564,8.3346,719405,57750,IND_C01,india-c01.xls
State - LAKSHADWEEP,31,000,2011,64473,62268,96.58,31350,31102,IND_C01,india-c01.xls
State - TAMIL NADU,33,000,2011,72147030,4229479,5.8623,36009055,2130297,IND_C01,india-c01.xls
State - PUDUCHERRY,34,000,2011,1247953,75556,6.0544,635442,39106,IND_C01,india-c01.xls
State - ANDAMAN & NICOBAR ISLANDS,35,000,2011,380581,32413,8.5167,177710,15112,IND_C01,india-c01.xls
