place,year,population,muslim_percent,source_id,source_page,iso3
World,2010,7020590000,23.9,PEW2025,1,
World,2020,7885810000,25.6,PEW2025,1,
Asia-Pacific,2010,4128250000,24.8,PEW2025,1,
Asia-Pacific,2020,4544800000,26.1,PEW2025,1,
Europe,2010,741700000,5.3,PEW2025,1,
Europe,2020,752960000,6.0,PEW2025,1,
Latin America-Caribbean,2010,588470000,0.1,PEW2025,1,
Latin America-Caribbean,2020,646240000,0.1,PEW2025,1,
Middle East-North Africa,2010,355630000,94.0,PEW2025,1,
Middle East-North Africa,2020,439690000,94.2,PEW2025,1,
North America,2010,345260000,1.1,PEW2025,1,
North America,2020,377610000,1.6,PEW2025,1,
Sub-Saharan Africa,2010,861270000,32.0,PEW2025,1,
Sub-Saharan Africa,2020,1124520000,32.8,PEW2025,1,
Afghanistan,2010,28280000,99.7,PEW2025,1,AFG
Afghanistan,2020,39070000,99.9,PEW2025,1,AFG
Albania,2010,2930000,70.2,PEW2025,1,ALB
Albania,2020,2870000,74.5,PEW2025,1,ALB
Algeria,2010,36190000,98.6,PEW2025,2,DZA
Algeria,2020,44040000,98.4,PEW2025,2,DZA
Angola,2010,23290000,0.2,PEW2025,2,AGO
Angola,2020,33450000,0.3,PEW2025,2,AGO
Argentina,2010,41290000,1.0,PEW2025,2,ARG
Argentina,2020,45190000,0.9,PEW2025,2,ARG
Armenia,2010,2930000,<0.1,PEW2025,2,ARM
Armenia,2020,2890000,0.3,PEW2025,2,ARM
Aruba,2010,100000,0.2,PEW2025,2,ABW
Aruba,2020,110000,0.3,PEW2025,2,ABW
Australia,2010,22140000,2.5,PEW2025,2,AUS
Australia,2020,25740000,3.5,PEW2025,2,AUS
Austria,2010,8370000,5.4,PEW2025,2,AUT
Austria,2020,8920000,8.3,PEW2025,2,AUT
Azerbaijan,2010,9150000,97.1,PEW2025,2,AZE
Azerbaijan,2020,10180000,94.7,PEW2025,2,AZE
Bahamas,2010,370000,<0.1,PEW2025,2,BHS
Bahamas,2020,400000,<0.1,PEW2025,2,BHS
Bahrain,2010,1210000,70.2,PEW2025,2,BHR
Bahrain,2020,1480000,74.0,PEW2025,2,BHR
Bangladesh,2010,152200000,90.4,PEW2025,3,BGD
Bangladesh,2020,166300000,91.1,PEW2025,3,BGD
Barbados,2010,280000,0.7,PEW2025,3,BRB
Barbados,2020,280000,0.7,PEW2025,3,BRB
Belarus,2010,9490000,0.3,PEW2025,3,BLR
Belarus,2020,9350000,0.3,PEW2025,3,BLR
Belgium,2010,10940000,5.1,PEW2025,3,BEL
Belgium,2020,11540000,6.8,PEW2025,3,BEL
Belize,2010,320000,0.2,PEW2025,3,BLZ
Belize,2020,390000,0.2,PEW2025,3,BLZ
Benin,2010,9800000,23.5,PEW2025,3,BEN
Benin,2020,13070000,31.4,PEW2025,3,BEN
Bhutan,2010,700000,0.2,PEW2025,3,BTN
Bhutan,2020,770000,0.2,PEW2025,3,BTN
Bolivia,2010,10180000,<0.1,PEW2025,3,BOL
Bolivia,2020,11820000,<0.1,PEW2025,3,BOL
Bosnia-Herzegovina,2010,3810000,51.3,PEW2025,3,BIH
Bosnia-Herzegovina,2020,3300000,53.6,PEW2025,3,BIH
Botswana,2010,2030000,0.7,PEW2025,3,BWA
Botswana,2020,2370000,0.3,PEW2025,3,BWA
Brazil,2010,193700000,<0.1,PEW2025,4,BRA
Brazil,2020,208660000,<0.1,PEW2025,4,BRA
Brunei,2010,390000,78.8,PEW2025,4,BRN
Brunei,2020,450000,82.2,PEW2025,4,BRN
Bulgaria,2010,7440000,10.0,PEW2025,4,BGR
Bulgaria,2020,6930000,10.3,PEW2025,4,BGR
Burkina Faso,2010,16180000,64.3,PEW2025,4,BFA
Burkina Faso,2020,21480000,67.4,PEW2025,4,BFA
Burundi,2010,9380000,2.1,PEW2025,4,BDI
Burundi,2020,12620000,3.0,PEW2025,4,BDI
Cambodia,2010,14500000,1.9,PEW2025,4,KHM
Cambodia,2020,16730000,2.0,PEW2025,4,KHM
Cameroon,2010,19670000,21.3,PEW2025,4,CMR
Cameroon,2020,26210000,25.2,PEW2025,4,CMR
Canada,2010,34200000,3.2,PEW2025,4,CAN
Canada,2020,38170000,4.9,PEW2025,4,CAN
Cape Verde,2010,510000,0.3,PEW2025,4,CPV
Cape Verde,2020,510000,0.3,PEW2025,4,CPV
Central African Republic,2010,4490000,8.4,PEW2025,4,CAF
Central African Republic,2020,5030000,6.2,PEW2025,4,CAF
Chad,2010,12310000,57.3,PEW2025,5,TCD
Chad,2020,17220000,56.4,PEW2025,5,TCD
Channel Islands,2010,160000,<0.1,PEW2025,5,
Channel Islands,2020,170000,<0.1,PEW2025,5,
Chile,2010,17180000,<0.1,PEW2025,5,CHL
Chile,2020,19370000,<0.1,PEW2025,5,CHL
China,2010,1351560000,1.5,PEW2025,5,CHN
China,2020,1426110000,1.8,PEW2025,5,CHN
Colombia,2010,44780000,<0.1,PEW2025,5,COL
Colombia,2020,50630000,<0.1,PEW2025,5,COL
Comoros,2010,650000,99.5,PEW2025,5,COM
Comoros,2020,800000,98.3,PEW2025,5,COM
Costa Rica,2010,4560000,<0.1,PEW2025,5,CRI
Costa Rica,2020,5030000,<0.1,PEW2025,5,CRI
Croatia,2010,4300000,1.5,PEW2025,5,HRV
Croatia,2020,3950000,1.4,PEW2025,5,HRV
Cuba,2010,11300000,<0.1,PEW2025,5,CUB
Cuba,2020,11180000,<0.1,PEW2025,5,CUB
Curacao,2010,160000,0.5,PEW2025,5,CUW
Curacao,2020,190000,0.5,PEW2025,5,CUW
Cyprus,2010,1130000,26.6,PEW2025,6,CYP
Cyprus,2020,1300000,24.4,PEW2025,6,CYP
Czech Republic,2010,10460000,0.2,PEW2025,6,CZE
Czech Republic,2020,10550000,0.3,PEW2025,6,CZE
D.R. Congo,2010,68560000,1.2,PEW2025,6,COD
D.R. Congo,2020,95990000,1.3,PEW2025,6,COD
Denmark,2010,5550000,3.2,PEW2025,6,DNK
Denmark,2020,5830000,4.2,PEW2025,6,DNK
Djibouti,2010,930000,97.4,PEW2025,6,DJI
Djibouti,2020,1110000,97.7,PEW2025,6,DJI
Dominican Republic,2010,9820000,<0.1,PEW2025,6,DOM
Dominican Republic,2020,11010000,<0.1,PEW2025,6,DOM
Ecuador,2010,15080000,<0.1,PEW2025,6,ECU
Ecuador,2020,17550000,<0.1,PEW2025,6,ECU
Egypt,2010,89200000,94.9,PEW2025,6,EGY
Egypt,2020,109320000,95.2,PEW2025,6,EGY
El Salvador,2010,6070000,<0.1,PEW2025,6,SLV
El Salvador,2020,6230000,<0.1,PEW2025,6,SLV
Equatorial Guinea,2010,1190000,4.0,PEW2025,6,GNQ
Equatorial Guinea,2020,1720000,4.0,PEW2025,6,GNQ
Eritrea,2010,2950000,51.3,PEW2025,7,ERI
Eritrea,2020,3290000,51.7,PEW2025,7,ERI
Estonia,2010,1330000,0.5,PEW2025,7,EST
Estonia,2020,1330000,0.6,PEW2025,7,EST
Eswatini,2010,1110000,0.3,PEW2025,7,SWZ
Eswatini,2020,1190000,0.1,PEW2025,7,SWZ
Ethiopia,2010,90540000,34.8,PEW2025,7,ETH
Ethiopia,2020,118920000,36.2,PEW2025,7,ETH
Federated States of Micronesia,2010,110000,<0.1,PEW2025,7,FSM
Federated States of Micronesia,2020,110000,<0.1,PEW2025,7,FSM
Fiji,2010,910000,6.3,PEW2025,7,FJI
Fiji,2020,910000,5.8,PEW2025,7,FJI
Finland,2010,5360000,0.8,PEW2025,7,FIN
Finland,2020,5530000,1.6,PEW2025,7,FIN
France,2010,63420000,6.6,PEW2025,7,FRA
France,2020,65910000,9.1,PEW2025,7,FRA
French Guiana,2010,230000,0.9,PEW2025,7,GUF
French Guiana,2020,290000,0.9,PEW2025,7,GUF
French Polynesia,2010,270000,0.4,PEW2025,7,PYF
French Polynesia,2020,280000,0.3,PEW2025,7,PYF
Gabon,2010,1720000,5.4,PEW2025,8,GAB
Gabon,2020,2320000,8.6,PEW2025,8,GAB
Gambia,2010,1930000,96.2,PEW2025,8,GMB
Gambia,2020,2520000,97.0,PEW2025,8,GMB
Georgia,2010,3900000,10.7,PEW2025,8,GEO
Georgia,2020,3800000,10.5,PEW2025,8,GEO
Germany,2010,80830000,5.1,PEW2025,8,DEU
Germany,2020,83630000,6.5,PEW2025,8,DEU
Ghana,2010,25470000,17.7,PEW2025,8,GHA
Ghana,2020,31890000,19.9,PEW2025,8,GHA
Greece,2010,11120000,4.5,PEW2025,8,GRC
Greece,2020,10700000,5.1,PEW2025,8,GRC
Grenada,2010,110000,0.4,PEW2025,8,GRD
Grenada,2020,120000,0.4,PEW2025,8,GRD
Guadeloupe,2010,410000,0.4,PEW2025,8,GLP
Guadeloupe,2020,410000,0.4,PEW2025,8,GLP
Guam,2010,170000,<0.1,PEW2025,8,GUM
Guam,2020,160000,<0.1,PEW2025,8,GUM
Guatemala,2010,14500000,<0.1,PEW2025,8,GTM
Guatemala,2020,17360000,<0.1,PEW2025,8,GTM
Guinea,2010,10400000,87.9,PEW2025,9,GIN
Guinea,2020,13370000,86.8,PEW2025,9,GIN
Guinea-Bissau,2010,1570000,53.7,PEW2025,9,GNB
Guinea-Bissau,2020,2010000,56.0,PEW2025,9,GNB
Guyana,2010,750000,6.8,PEW2025,9,GUY
Guyana,2020,810000,6.5,PEW2025,9,GUY
Haiti,2010,9800000,<0.1,PEW2025,9,HTI
Haiti,2020,11240000,<0.1,PEW2025,9,HTI
Honduras,2010,8370000,<0.1,PEW2025,9,HND
Honduras,2020,10120000,<0.1,PEW2025,9,HND
Hong Kong,2010,7100000,0.1,PEW2025,9,HKG
Hong Kong,2020,7490000,0.3,PEW2025,9,HKG
Hungary,2010,9980000,<0.1,PEW2025,9,HUN
Hungary,2020,9750000,0.1,PEW2025,9,HUN
Iceland,2010,320000,0.7,PEW2025,9,ISL
Iceland,2020,370000,1.2,PEW2025,9,ISL
India,2010,1243480000,14.3,PEW2025,9,IND
India,2020,1402620000,15.2,PEW2025,9,IND
Indonesia,2010,246310000,87.5,PEW2025,9,IDN
Indonesia,2020,274810000,87.0,PEW2025,9,IDN
Iran,2010,77420000,99.7,PEW2025,10,IRN
Iran,2020,87720000,99.8,PEW2025,10,IRN
Iraq,2010,31050000,99.2,PEW2025,10,IRQ
Iraq,2020,42120000,99.5,PEW2025,10,IRQ
Ireland,2010,4560000,1.1,PEW2025,10,IRL
Ireland,2020,4980000,1.7,PEW2025,10,IRL
Israel,2010,7340000,13.9,PEW2025,10,ISR
Israel,2020,8800000,14.7,PEW2025,10,ISR
Italy,2010,60160000,3.4,PEW2025,10,ITA
Italy,2020,59910000,4.4,PEW2025,10,ITA
Ivory Coast,2010,22490000,43.7,PEW2025,10,CIV
Ivory Coast,2020,28920000,46.3,PEW2025,10,CIV
Jamaica,2010,2750000,<0.1,PEW2025,10,JAM
Jamaica,2020,2830000,<0.1,PEW2025,10,JAM
Japan,2010,128190000,0.2,PEW2025,10,JPN
Japan,2020,126300000,0.2,PEW2025,10,JPN
Jordan,2010,7300000,96.5,PEW2025,10,JOR
Jordan,2020,10870000,97.1,PEW2025,10,JOR
Kazakhstan,2010,16840000,69.7,PEW2025,10,KAZ
Kazakhstan,2020,19480000,77.9,PEW2025,10,KAZ
Kenya,2010,41600000,11.2,PEW2025,11,KEN
Kenya,2020,52220000,10.9,PEW2025,11,KEN
Kiribati,2010,110000,0.1,PEW2025,11,KIR
Kiribati,2020,130000,<0.1,PEW2025,11,KIR
Kosovo,2010,1790000,93.8,PEW2025,11,XKX
Kosovo,2020,1750000,94.3,PEW2025,11,XKX
Kuwait,2010,2940000,82.6,PEW2025,11,KWT
Kuwait,2020,4400000,80.2,PEW2025,11,KWT
Kyrgyzstan,2010,5490000,90.6,PEW2025,11,KGZ
Kyrgyzstan,2020,6660000,91.7,PEW2025,11,KGZ
Laos,2010,6330000,<0.1,PEW2025,11,LAO
Laos,2020,7350000,<0.1,PEW2025,11,LAO
Latvia,2010,2100000,0.7,PEW2025,11,LVA
Latvia,2020,1900000,0.7,PEW2025,11,LVA
Lebanon,2010,5040000,62.3,PEW2025,11,LBN
Lebanon,2020,5700000,67.8,PEW2025,11,LBN
Lesotho,2010,2000000,0.1,PEW2025,11,LSO
Lesotho,2020,2240000,0.2,PEW2025,11,LSO
Liberia,2010,4060000,12.1,PEW2025,11,LBR
Liberia,2020,5150000,12.7,PEW2025,11,LBR
Libya,2010,6500000,96.8,PEW2025,12,LBY
Libya,2020,7050000,99.0,PEW2025,12,LBY
Lithuania,2010,3100000,<0.1,PEW2025,12,LTU
Lithuania,2020,2800000,<0.1,PEW2025,12,LTU
Luxembourg,2010,510000,0.7,PEW2025,12,LUX
Luxembourg,2020,630000,1.8,PEW2025,12,LUX
Macao,2010,560000,0.4,PEW2025,12,MAC
Macao,2020,680000,0.5,PEW2025,12,MAC
Madagascar,2010,22180000,0.6,PEW2025,12,MDG
Madagascar,2020,28950000,1.2,PEW2025,12,MDG
Malawi,2010,14830000,11.6,PEW2025,12,MWI
Malawi,2020,19530000,11.6,PEW2025,12,MWI
Malaysia,2010,28660000,61.3,PEW2025,12,MYS
Malaysia,2020,33890000,64.1,PEW2025,12,MYS
Maldives,2010,360000,94.1,PEW2025,12,MDV
Maldives,2020,500000,94.1,PEW2025,12,MDV
Mali,2010,15950000,94.0,PEW2025,12,MLI
Mali,2020,21710000,94.1,PEW2025,12,MLI
Malta,2010,420000,0.2,PEW2025,12,MLT
Malta,2020,520000,3.6,PEW2025,12,MLT
Martinique,2010,400000,0.2,PEW2025,13,MTQ
Martinique,2020,360000,0.2,PEW2025,13,MTQ
Mauritania,2010,3390000,99.1,PEW2025,13,MRT
Mauritania,2020,4600000,99.2,PEW2025,13,MRT
Mauritius,2010,1280000,17.4,PEW2025,13,MUS
Mauritius,2020,1280000,17.5,PEW2025,13,MUS
Mayotte,2010,210000,98.7,PEW2025,13,MYT
Mayotte,2020,280000,98.8,PEW2025,13,MYT
Mexico,2010,113620000,<0.1,PEW2025,13,MEX
Mexico,2020,126800000,<0.1,PEW2025,13,MEX
Moldova,2010,3630000,0.1,PEW2025,13,MDA
Moldova,2020,3070000,0.2,PEW2025,13,MDA
Mongolia,2010,2700000,3.3,PEW2025,13,MNG
Mongolia,2020,3290000,3.5,PEW2025,13,MNG
Montenegro,2010,630000,19.6,PEW2025,13,MNE
Montenegro,2020,610000,21.3,PEW2025,13,MNE
Morocco,2010,32470000,99.7,PEW2025,13,MAR
Morocco,2020,36580000,99.7,PEW2025,13,MAR
Mozambique,2010,23000000,18.0,PEW2025,13,MOZ
Mozambique,2020,30780000,19.4,PEW2025,13,MOZ
Myanmar,2010,49020000,4.6,PEW2025,14,MMR
Myanmar,2020,53020000,3.3,PEW2025,14,MMR
Namibia,2010,2110000,<0.1,PEW2025,14,NAM
Namibia,2020,2730000,0.1,PEW2025,14,NAM
Nepal,2010,27340000,4.4,PEW2025,14,NPL
Nepal,2020,28970000,5.1,PEW2025,14,NPL
Netherlands,2010,16770000,5.0,PEW2025,14,NLD
Netherlands,2020,17640000,5.5,PEW2025,14,NLD
New Caledonia,2010,260000,2.8,PEW2025,14,NCL
New Caledonia,2020,280000,2.8,PEW2025,14,NCL
New Zealand,2010,4350000,1.2,PEW2025,14,NZL
New Zealand,2020,5070000,1.4,PEW2025,14,NZL
Nicaragua,2010,5740000,<0.1,PEW2025,14,NIC
Nicaragua,2020,6570000,<0.1,PEW2025,14,NIC
Niger,2010,16550000,98.6,PEW2025,14,NER
Niger,2020,23720000,98.1,PEW2025,14,NER
Nigeria,2010,166640000,54.5,PEW2025,14,NGA
Nigeria,2020,214000000,56.1,PEW2025,14,NGA
North Korea,2010,24990000,<0.1,PEW2025,14,PRK
North Korea,2020,26140000,<0.1,PEW2025,14,PRK
North Macedonia,2010,2050000,33.3,PEW2025,15,MKD
North Macedonia,2020,1870000,34.7,PEW2025,15,MKD
Norway,2010,4890000,2.5,PEW2025,15,NOR
Norway,2020,5380000,4.1,PEW2025,15,NOR
Oman,2010,2760000,90.1,PEW2025,15,OMN
Oman,2020,4520000,81.8,PEW2025,15,OMN
Pakistan,2010,199240000,96.7,PEW2025,15,PAK
Pakistan,2020,235000000,96.5,PEW2025,15,PAK
Palestinian territories,2010,4020000,98.8,PEW2025,15,PSE
Palestinian territories,2020,5070000,99.0,PEW2025,15,PSE
Panama,2010,3630000,<0.1,PEW2025,15,PAN
Panama,2020,4290000,<0.1,PEW2025,15,PAN
Papua New Guinea,2010,7630000,<0.1,PEW2025,15,PNG
Papua New Guinea,2020,9820000,<0.1,PEW2025,15,PNG
Paraguay,2010,5740000,<0.1,PEW2025,15,PRY
Paraguay,2020,6600000,<0.1,PEW2025,15,PRY
Peru,2010,29090000,<0.1,PEW2025,15,PER
Peru,2020,32840000,<0.1,PEW2025,15,PER
Philippines,2010,96340000,5.6,PEW2025,15,PHL
Philippines,2020,112080000,6.5,PEW2025,15,PHL
Poland,2010,38100000,<0.1,PEW2025,16,POL
Poland,2020,38170000,<0.1,PEW2025,16,POL
Portugal,2010,10580000,0.3,PEW2025,16,PRT
Portugal,2020,10370000,0.4,PEW2025,16,PRT
Puerto Rico,2010,3710000,0.1,PEW2025,16,PRI
Puerto Rico,2020,3280000,0.1,PEW2025,16,PRI
Qatar,2010,1710000,74.6,PEW2025,16,QAT
Qatar,2020,2800000,75.9,PEW2025,16,QAT
Republic of the Congo,2010,4460000,1.5,PEW2025,16,COG
Republic of the Congo,2020,5750000,1.5,PEW2025,16,COG
Reunion,2010,840000,4.2,PEW2025,16,REU
Reunion,2020,860000,4.2,PEW2025,16,REU
Romania,2010,20430000,0.3,PEW2025,16,ROU
Romania,2020,19390000,0.4,PEW2025,16,ROU
Russia,2010,143930000,8.6,PEW2025,16,RUS
Russia,2020,146370000,8.2,PEW2025,16,RUS
Rwanda,2010,10320000,1.3,PEW2025,16,RWA
Rwanda,2020,13070000,1.8,PEW2025,16,RWA
Samoa,2010,190000,<0.1,PEW2025,16,WSM
Samoa,2020,210000,<0.1,PEW2025,16,WSM
São Tomé and Príncipe,2010,180000,0.2,PEW2025,17,STP
São Tomé and Príncipe,2020,220000,<0.1,PEW2025,17,STP
Saudi Arabia,2010,25160000,94.4,PEW2025,17,SAU
Saudi Arabia,2020,30990000,92.7,PEW2025,17,SAU
Senegal,2010,12640000,96.1,PEW2025,17,SEN
Senegal,2020,16790000,97.6,PEW2025,17,SEN
Serbia,2010,7400000,3.2,PEW2025,17,SRB
Serbia,2020,6910000,4.4,PEW2025,17,SRB
Seychelles,2010,90000,0.9,PEW2025,17,SYC
Seychelles,2020,120000,0.9,PEW2025,17,SYC
Sierra Leone,2010,6220000,81.6,PEW2025,17,SLE
Sierra Leone,2020,7910000,80.1,PEW2025,17,SLE
Singapore,2010,5080000,15.6,PEW2025,17,SGP
Singapore,2020,5620000,16.1,PEW2025,17,SGP
Slovakia,2010,5390000,<0.1,PEW2025,17,SVK
Slovakia,2020,5460000,<0.1,PEW2025,17,SVK
Slovenia,2010,2040000,0.9,PEW2025,17,SVN
Slovenia,2020,2100000,1.6,PEW2025,17,SVN
Solomon Islands,2010,530000,0.3,PEW2025,17,SLB
Solomon Islands,2020,740000,0.3,PEW2025,17,SLB
Somalia,2010,12260000,99.8,PEW2025,18,SOM
Somalia,2020,16650000,99.8,PEW2025,18,SOM
South Africa,2010,52340000,1.9,PEW2025,18,ZAF
South Africa,2020,60560000,1.6,PEW2025,18,ZAF
South Korea,2010,48770000,0.2,PEW2025,18,KOR
South Korea,2020,51860000,0.3,PEW2025,18,KOR
South Sudan,2010,9750000,6.2,PEW2025,18,SSD
South Sudan,2020,10700000,6.2,PEW2025,18,SSD
Spain,2010,46840000,2.1,PEW2025,18,ESP
Spain,2020,47680000,3.6,PEW2025,18,ESP
Sri Lanka,2010,20880000,9.7,PEW2025,18,LKA
Sri Lanka,2020,22560000,10.2,PEW2025,18,LKA
St. Lucia,2010,170000,0.1,PEW2025,18,LCA
St. Lucia,2020,180000,<0.1,PEW2025,18,LCA
St. Vincent and the Grenadines,2010,110000,0.1,PEW2025,18,VCT
St. Vincent and the Grenadines,2020,100000,0.1,PEW2025,18,VCT
Sudan,2010,35410000,99.7,PEW2025,18,SDN
Sudan,2020,46790000,98.9,PEW2025,18,SDN
Suriname,2010,550000,14.1,PEW2025,18,SUR
Suriname,2020,610000,13.1,PEW2025,18,SUR
Sweden,2010,9380000,4.5,PEW2025,19,SWE
Sweden,2020,10350000,8.1,PEW2025,19,SWE
Switzerland,2010,7830000,5.1,PEW2025,19,CHE
Switzerland,2020,8640000,6.1,PEW2025,19,CHE
Syria,2010,22480000,89.5,PEW2025,19,SYR
Syria,2020,21050000,94.2,PEW2025,19,SYR
Taiwan,2010,23220000,0.3,PEW2025,19,TWN
Taiwan,2020,23660000,0.5,PEW2025,19,TWN
Tajikistan,2010,7650000,98.9,PEW2025,19,TJK
Tajikistan,2020,9750000,98.9,PEW2025,19,TJK
Tanzania,2010,44760000,35.4,PEW2025,19,TZA
Tanzania,2020,60970000,29.9,PEW2025,19,TZA
Thailand,2010,68580000,5.0,PEW2025,19,THA
Thailand,2020,71640000,4.5,PEW2025,19,THA
Timor-Leste,2010,1080000,0.2,PEW2025,19,TLS
Timor-Leste,2020,1330000,0.3,PEW2025,19,TLS
Togo,2010,6730000,16.2,PEW2025,19,TGO
Togo,2020,8670000,16.1,PEW2025,19,TGO
Tonga,2010,110000,<0.1,PEW2025,19,TON
Tonga,2020,110000,<0.1,PEW2025,19,TON
Trinidad and Tobago,2010,1390000,5.5,PEW2025,20,TTO
Trinidad and Tobago,2020,1480000,5.5,PEW2025,20,TTO
Tunisia,2010,10770000,99.4,PEW2025,20,TUN
Tunisia,2020,11970000,99.3,PEW2025,20,TUN
Turkey,2010,73350000,98.6,PEW2025,20,TUR
Turkey,2020,86090000,97.1,PEW2025,20,TUR
Turkmenistan,2010,5560000,93.0,PEW2025,20,TKM
Turkmenistan,2020,6950000,94.3,PEW2025,20,TKM
U.S. Virgin Islands,2010,110000,0.1,PEW2025,20,VIR
U.S. Virgin Islands,2020,90000,0.1,PEW2025,20,VIR
Uganda,2010,32390000,11.2,PEW2025,20,UGA
Uganda,2020,44460000,11.4,PEW2025,20,UGA
Ukraine,2010,46460000,0.9,PEW2025,20,UKR
Ukraine,2020,44680000,0.6,PEW2025,20,UKR
United Arab Emirates,2010,6940000,75.1,PEW2025,20,ARE
United Arab Emirates,2020,9450000,72.9,PEW2025,20,ARE
United Kingdom,2010,63010000,5.3,PEW2025,20,GBR
United Kingdom,2020,67350000,6.4,PEW2025,20,GBR
United States,2010,311060000,0.9,PEW2025,20,USA
United States,2020,339440000,1.2,PEW2025,20,USA
Uruguay,2010,3320000,<0.1,PEW2025,21,URY
Uruguay,2020,3400000,<0.1,PEW2025,21,URY
Uzbekistan,2010,28390000,95.8,PEW2025,21,UZB
Uzbekistan,2020,33590000,95.6,PEW2025,21,UZB
Vanuatu,2010,240000,<0.1,PEW2025,21,VUT
Vanuatu,2020,300000,<0.1,PEW2025,21,VUT
Venezuela,2010,28810000,<0.1,PEW2025,21,VEN
Venezuela,2020,28440000,<0.1,PEW2025,21,VEN
Vietnam,2010,87460000,<0.1,PEW2025,21,VNM
Vietnam,2020,98080000,<0.1,PEW2025,21,VNM
Western Sahara,2010,410000,99.5,PEW2025,21,ESH
Western Sahara,2020,550000,99.6,PEW2025,21,ESH
Yemen,2010,26750000,99.8,PEW2025,21,YEM
Yemen,2020,36130000,99.9,PEW2025,21,YEM
Zambia,2010,13970000,0.5,PEW2025,21,ZMB
Zambia,2020,19060000,0.5,PEW2025,21,ZMB
Zimbabwe,2010,13360000,0.5,PEW2025,21,ZWE
Zimbabwe,2020,15530000,0.5,PEW2025,21,ZWE
